Season,Week,Game Num,Game Date,Game Day,Game Time,Favorite,Spread,Underdog,Home,Away,Name,Week Name,Pick,Best Bet,Win ATS,Loss ATS,Push,Fav Score,Und Score,Home Score,Away Score,Winner ATS Score,Loser ATS Score,Pick Score,Against Pick Score,BB Score,BB Score Against,Margin of Victory,Picked Against,Best Bet Against,Fav/Und,Home/Away,Result,BB Result,Result Win,Result Loss,Result Push,BB Win,BB Loss,BB Push,Tiebreaker,Actual Tiebreak,Tiebreaker Diff,Playoff Game Num,Round
2026-2027,3,1,9/24/2026,Thu,8:15 PM,GB,6.0,atl,GB,atl,A Price,Quick picks,GB,phi,atl,GB,,14.0,35.0,14.0,35.0,35.0,14.0,14.0,35.0,,,21.0,atl,,Fav,Home,loss,,0,1,0,0,0,0,444,388,56.0,,
2026-2027,3,2,9/27/2026,Sun,1:00 PM,BUF,7.0,lac,BUF,lac,A Price,Quick picks,BUF,phi,BUF,lac,,24.0,16.0,24.0,16.0,24.0,16.0,24.0,16.0,,,8.0,lac,,Fav,Home,win,,1,0,0,0,0,0,444,388,56.0,,
2026-2027,3,3,9/27/2026,Sun,1:00 PM,car,2.5,CLE,CLE,car,A Price,Quick picks,CLE,phi,CLE,car,,18.0,21.0,21.0,18.0,21.0,18.0,21.0,18.0,,,3.0,car,,Und,Home,win,,1,0,0,0,0,0,444,388,56.0,,
2026-2027,3,4,9/27/2026,Sun,1:00 PM,DET,6.5,nyj,DET,nyj,A Price,Quick picks,DET,phi,DET,nyj,,31.0,24.0,31.0,24.0,31.0,24.0,31.0,24.0,,,7.0,nyj,,Fav,Home,win,,1,0,0,0,0,0,444,388,56.0,,
2026-2027,3,5,9/27/2026,Sun,1:00 PM,hou,2.5,IND,IND,hou,A Price,Quick picks,hou,phi,IND,hou,,17.0,19.0,19.0,17.0,19.0,17.0,17.0,19.0,,,2.0,IND,,Fav,Away,loss,,0,1,0,0,0,0,444,388,56.0,,
2026-2027,3,6,9/27/2026,Sun,1:00 PM,kc,11.5,MIA,MIA,kc,A Price,Quick picks,kc,phi,kc,MIA,,24.0,10.0,10.0,24.0,24.0,10.0,24.0,10.0,,,14.0,MIA,,Fav,Away,win,,1,0,0,0,0,0,444,388,56.0,,
2026-2027,3,7,9/27/2026,Sun,1:00 PM,NYG,3.0,ten,NYG,ten,A Price,Quick picks,ten,phi,NYG,ten,,12.0,7.0,12.0,7.0,12.0,7.0,7.0,12.0,,,5.0,NYG,,Und,Away,loss,,0,1,0,0,0,0,444,388,56.0,,
2026-2027,3,8,9/27/2026,Sun,1:00 PM,cin,3.5,PIT,PIT,cin,A Price,Quick picks,cin,phi,PIT,cin,,27.0,30.0,30.0,27.0,30.0,27.0,27.0,30.0,,,3.0,PIT,,Fav,Away,loss,,0,1,0,0,0,0,444,388,56.0,,
2026-2027,3,9,9/27/2026,Sun,1:00 PM,sea,7.0,WAS,WAS,sea,A Price,Quick picks,sea,phi,WAS,sea,,31.0,33.0,33.0,31.0,33.0,31.0,31.0,33.0,,,2.0,WAS,,Fav,Away,loss,,0,1,0,0,0,0,444,388,56.0,,
2026-2027,3,10,9/27/2026,Sun,1:00 PM,JAX,3.0,ne,JAX,ne,A Price,Quick picks,JAX,phi,JAX,ne,,35.0,6.0,35.0,6.0,35.0,6.0,35.0,6.0,,,29.0,ne,,Fav,Home,win,,1,0,0,0,0,0,444,388,56.0,,
2026-2027,3,11,9/27/2026,Sun,4:05 PM,SF,8.5,ari,SF,ari,A Price,Quick picks,ari,phi,ari,SF,,36.0,30.0,36.0,30.0,30.0,36.0,30.0,36.0,,,6.0,SF,,Und,Away,win,,1,0,0,0,0,0,444,388,56.0,,
2026-2027,3,12,9/27/2026,Sun,4:05 PM,min,1.5,TB,TB,min,A Price,Quick picks,TB,phi,min,TB,,23.0,16.0,16.0,23.0,23.0,16.0,16.0,23.0,,,7.0,min,,Und,Home,loss,,0,1,0,0,0,0,444,388,56.0,,
2026-2027,3,13,9/27/2026,Sun,4:25 PM,bal,3.5,DAL,DAL,bal,A Price,Quick picks,bal,phi,DAL,bal,,34.0,31.0,31.0,34.0,31.0,34.0,34.0,31.0,,,3.0,DAL,,Fav,Away,loss,,0,1,0,0,0,0,444,388,56.0,,
2026-2027,3,14,9/27/2026,Sun,4:25 PM,NO,3.0,lv,NO,lv,A Price,Quick picks,NO,phi,lv,NO,,27.0,35.0,27.0,35.0,35.0,27.0,27.0,35.0,,,8.0,lv,,Fav,Home,loss,,0,1,0,0,0,0,444,388,56.0,,
2026-2027,3,15,9/27/2026,Sun,8:20 PM,lar,2.5,DEN,DEN,lar,A Price,Quick picks,DEN,phi,DEN,lar,,26.0,30.0,30.0,26.0,30.0,26.0,30.0,26.0,,,4.0,lar,,Und,Home,win,,1,0,0,0,0,0,444,388,56.0,,
2026-2027,3,16,9/28/2026,Mon,8:15 PM,phi,4.5,CHI,CHI,phi,A Price,Quick picks,phi,phi,CHI,phi,,7.0,27.0,27.0,7.0,27.0,7.0,7.0,27.0,7.0,27.0,20.0,CHI,CHI,Fav,Away,loss,loss,0,1,0,0,1,0,444,388,56.0,,
2026-2027,3,1,9/24/2026,Thu,8:15 PM,GB,6.0,atl,GB,atl,Barb,Trip of a liifetime,GB,lar,atl,GB,,14.0,35.0,14.0,35.0,35.0,14.0,14.0,35.0,,,21.0,atl,,Fav,Home,loss,,0,1,0,0,0,0,478,388,90.0,,
2026-2027,3,2,9/27/2026,Sun,1:00 PM,BUF,7.0,lac,BUF,lac,Barb,Trip of a liifetime,BUF,lar,BUF,lac,,24.0,16.0,24.0,16.0,24.0,16.0,24.0,16.0,,,8.0,lac,,Fav,Home,win,,1,0,0,0,0,0,478,388,90.0,,
2026-2027,3,3,9/27/2026,Sun,1:00 PM,car,2.5,CLE,CLE,car,Barb,Trip of a liifetime,car,lar,CLE,car,,18.0,21.0,21.0,18.0,21.0,18.0,18.0,21.0,,,3.0,CLE,,Fav,Away,loss,,0,1,0,0,0,0,478,388,90.0,,
2026-2027,3,4,9/27/2026,Sun,1:00 PM,DET,6.5,nyj,DET,nyj,Barb,Trip of a liifetime,DET,lar,DET,nyj,,31.0,24.0,31.0,24.0,31.0,24.0,31.0,24.0,,,7.0,nyj,,Fav,Home,win,,1,0,0,0,0,0,478,388,90.0,,
2026-2027,3,5,9/27/2026,Sun,1:00 PM,hou,2.5,IND,IND,hou,Barb,Trip of a liifetime,IND,lar,IND,hou,,17.0,19.0,19.0,17.0,19.0,17.0,19.0,17.0,,,2.0,hou,,Und,Home,win,,1,0,0,0,0,0,478,388,90.0,,
2026-2027,3,6,9/27/2026,Sun,1:00 PM,kc,11.5,MIA,MIA,kc,Barb,Trip of a liifetime,kc,lar,kc,MIA,,24.0,10.0,10.0,24.0,24.0,10.0,24.0,10.0,,,14.0,MIA,,Fav,Away,win,,1,0,0,0,0,0,478,388,90.0,,
2026-2027,3,7,9/27/2026,Sun,1:00 PM,NYG,3.0,ten,NYG,ten,Barb,Trip of a liifetime,NYG,lar,NYG,ten,,12.0,7.0,12.0,7.0,12.0,7.0,12.0,7.0,,,5.0,ten,,Fav,Home,win,,1,0,0,0,0,0,478,388,90.0,,
2026-2027,3,8,9/27/2026,Sun,1:00 PM,cin,3.5,PIT,PIT,cin,Barb,Trip of a liifetime,PIT,lar,PIT,cin,,27.0,30.0,30.0,27.0,30.0,27.0,30.0,27.0,,,3.0,cin,,Und,Home,win,,1,0,0,0,0,0,478,388,90.0,,
2026-2027,3,9,9/27/2026,Sun,1:00 PM,sea,7.0,WAS,WAS,sea,Barb,Trip of a liifetime,sea,lar,WAS,sea,,31.0,33.0,33.0,31.0,33.0,31.0,31.0,33.0,,,2.0,WAS,,Fav,Away,loss,,0,1,0,0,0,0,478,388,90.0,,
2026-2027,3,10,9/27/2026,Sun,1:00 PM,JAX,3.0,ne,JAX,ne,Barb,Trip of a liifetime,JAX,lar,JAX,ne,,35.0,6.0,35.0,6.0,35.0,6.0,35.0,6.0,,,29.0,ne,,Fav,Home,win,,1,0,0,0,0,0,478,388,90.0,,
2026-2027,3,11,9/27/2026,Sun,4:05 PM,SF,8.5,ari,SF,ari,Barb,Trip of a liifetime,ari,lar,ari,SF,,36.0,30.0,36.0,30.0,30.0,36.0,30.0,36.0,,,6.0,SF,,Und,Away,win,,1,0,0,0,0,0,478,388,90.0,,
2026-2027,3,12,9/27/2026,Sun,4:05 PM,min,1.5,TB,TB,min,Barb,Trip of a liifetime,min,lar,min,TB,,23.0,16.0,16.0,23.0,23.0,16.0,23.0,16.0,,,7.0,TB,,Fav,Away,win,,1,0,0,0,0,0,478,388,90.0,,
2026-2027,3,13,9/27/2026,Sun,4:25 PM,bal,3.5,DAL,DAL,bal,Barb,Trip of a liifetime,bal,lar,DAL,bal,,34.0,31.0,31.0,34.0,31.0,34.0,34.0,31.0,,,3.0,DAL,,Fav,Away,loss,,0,1,0,0,0,0,478,388,90.0,,
2026-2027,3,14,9/27/2026,Sun,4:25 PM,NO,3.0,lv,NO,lv,Barb,Trip of a liifetime,NO,lar,lv,NO,,27.0,35.0,27.0,35.0,35.0,27.0,27.0,35.0,,,8.0,lv,,Fav,Home,loss,,0,1,0,0,0,0,478,388,90.0,,
2026-2027,3,15,9/27/2026,Sun,8:20 PM,lar,2.5,DEN,DEN,lar,Barb,Trip of a liifetime,lar,lar,DEN,lar,,26.0,30.0,30.0,26.0,30.0,26.0,26.0,30.0,26.0,30.0,4.0,DEN,DEN,Fav,Away,loss,loss,0,1,0,0,1,0,478,388,90.0,,
2026-2027,3,16,9/28/2026,Mon,8:15 PM,phi,4.5,CHI,CHI,phi,Barb,Trip of a liifetime,phi,lar,CHI,phi,,7.0,27.0,27.0,7.0,27.0,7.0,7.0,27.0,,,20.0,CHI,,Fav,Away,loss,,0,1,0,0,0,0,478,388,90.0,,
2026-2027,3,1,9/24/2026,Thu,8:15 PM,GB,6.0,atl,GB,atl,Blake,"I like to picture Jesus in a tuxedo T-shirt because it says I want to be formal, but I'm here to party",GB,car,atl,GB,,14.0,35.0,14.0,35.0,35.0,14.0,14.0,35.0,,,21.0,atl,,Fav,Home,loss,,0,1,0,0,0,0,409,388,21.0,,
2026-2027,3,2,9/27/2026,Sun,1:00 PM,BUF,7.0,lac,BUF,lac,Blake,"I like to picture Jesus in a tuxedo T-shirt because it says I want to be formal, but I'm here to party",BUF,car,BUF,lac,,24.0,16.0,24.0,16.0,24.0,16.0,24.0,16.0,,,8.0,lac,,Fav,Home,win,,1,0,0,0,0,0,409,388,21.0,,
2026-2027,3,3,9/27/2026,Sun,1:00 PM,car,2.5,CLE,CLE,car,Blake,"I like to picture Jesus in a tuxedo T-shirt because it says I want to be formal, but I'm here to party",car,car,CLE,car,,18.0,21.0,21.0,18.0,21.0,18.0,18.0,21.0,18.0,21.0,3.0,CLE,CLE,Fav,Away,loss,loss,0,1,0,0,1,0,409,388,21.0,,
2026-2027,3,4,9/27/2026,Sun,1:00 PM,DET,6.5,nyj,DET,nyj,Blake,"I like to picture Jesus in a tuxedo T-shirt because it says I want to be formal, but I'm here to party",nyj,car,DET,nyj,,31.0,24.0,31.0,24.0,31.0,24.0,24.0,31.0,,,7.0,DET,,Und,Away,loss,,0,1,0,0,0,0,409,388,21.0,,
2026-2027,3,5,9/27/2026,Sun,1:00 PM,hou,2.5,IND,IND,hou,Blake,"I like to picture Jesus in a tuxedo T-shirt because it says I want to be formal, but I'm here to party",hou,car,IND,hou,,17.0,19.0,19.0,17.0,19.0,17.0,17.0,19.0,,,2.0,IND,,Fav,Away,loss,,0,1,0,0,0,0,409,388,21.0,,
2026-2027,3,6,9/27/2026,Sun,1:00 PM,kc,11.5,MIA,MIA,kc,Blake,"I like to picture Jesus in a tuxedo T-shirt because it says I want to be formal, but I'm here to party",kc,car,kc,MIA,,24.0,10.0,10.0,24.0,24.0,10.0,24.0,10.0,,,14.0,MIA,,Fav,Away,win,,1,0,0,0,0,0,409,388,21.0,,
2026-2027,3,7,9/27/2026,Sun,1:00 PM,NYG,3.0,ten,NYG,ten,Blake,"I like to picture Jesus in a tuxedo T-shirt because it says I want to be formal, but I'm here to party",NYG,car,NYG,ten,,12.0,7.0,12.0,7.0,12.0,7.0,12.0,7.0,,,5.0,ten,,Fav,Home,win,,1,0,0,0,0,0,409,388,21.0,,
2026-2027,3,8,9/27/2026,Sun,1:00 PM,cin,3.5,PIT,PIT,cin,Blake,"I like to picture Jesus in a tuxedo T-shirt because it says I want to be formal, but I'm here to party",PIT,car,PIT,cin,,27.0,30.0,30.0,27.0,30.0,27.0,30.0,27.0,,,3.0,cin,,Und,Home,win,,1,0,0,0,0,0,409,388,21.0,,
2026-2027,3,9,9/27/2026,Sun,1:00 PM,sea,7.0,WAS,WAS,sea,Blake,"I like to picture Jesus in a tuxedo T-shirt because it says I want to be formal, but I'm here to party",sea,car,WAS,sea,,31.0,33.0,33.0,31.0,33.0,31.0,31.0,33.0,,,2.0,WAS,,Fav,Away,loss,,0,1,0,0,0,0,409,388,21.0,,
2026-2027,3,10,9/27/2026,Sun,1:00 PM,JAX,3.0,ne,JAX,ne,Blake,"I like to picture Jesus in a tuxedo T-shirt because it says I want to be formal, but I'm here to party",ne,car,JAX,ne,,35.0,6.0,35.0,6.0,35.0,6.0,6.0,35.0,,,29.0,JAX,,Und,Away,loss,,0,1,0,0,0,0,409,388,21.0,,
2026-2027,3,11,9/27/2026,Sun,4:05 PM,SF,8.5,ari,SF,ari,Blake,"I like to picture Jesus in a tuxedo T-shirt because it says I want to be formal, but I'm here to party",SF,car,ari,SF,,36.0,30.0,36.0,30.0,30.0,36.0,36.0,30.0,,,6.0,ari,,Fav,Home,loss,,0,1,0,0,0,0,409,388,21.0,,
2026-2027,3,12,9/27/2026,Sun,4:05 PM,min,1.5,TB,TB,min,Blake,"I like to picture Jesus in a tuxedo T-shirt because it says I want to be formal, but I'm here to party",min,car,min,TB,,23.0,16.0,16.0,23.0,23.0,16.0,23.0,16.0,,,7.0,TB,,Fav,Away,win,,1,0,0,0,0,0,409,388,21.0,,
2026-2027,3,13,9/27/2026,Sun,4:25 PM,bal,3.5,DAL,DAL,bal,Blake,"I like to picture Jesus in a tuxedo T-shirt because it says I want to be formal, but I'm here to party",DAL,car,DAL,bal,,34.0,31.0,31.0,34.0,31.0,34.0,31.0,34.0,,,3.0,bal,,Und,Home,win,,1,0,0,0,0,0,409,388,21.0,,
2026-2027,3,14,9/27/2026,Sun,4:25 PM,NO,3.0,lv,NO,lv,Blake,"I like to picture Jesus in a tuxedo T-shirt because it says I want to be formal, but I'm here to party",lv,car,lv,NO,,27.0,35.0,27.0,35.0,35.0,27.0,35.0,27.0,,,8.0,NO,,Und,Away,win,,1,0,0,0,0,0,409,388,21.0,,
2026-2027,3,15,9/27/2026,Sun,8:20 PM,lar,2.5,DEN,DEN,lar,Blake,"I like to picture Jesus in a tuxedo T-shirt because it says I want to be formal, but I'm here to party",lar,car,DEN,lar,,26.0,30.0,30.0,26.0,30.0,26.0,26.0,30.0,,,4.0,DEN,,Fav,Away,loss,,0,1,0,0,0,0,409,388,21.0,,
2026-2027,3,16,9/28/2026,Mon,8:15 PM,phi,4.5,CHI,CHI,phi,Blake,"I like to picture Jesus in a tuxedo T-shirt because it says I want to be formal, but I'm here to party",CHI,car,CHI,phi,,7.0,27.0,27.0,7.0,27.0,7.0,27.0,7.0,,,20.0,phi,,Und,Home,win,,1,0,0,0,0,0,409,388,21.0,,
2026-2027,3,1,9/24/2026,Thu,8:15 PM,GB,6.0,atl,GB,atl,Bo,Handlebars,atl,phi,atl,GB,,14.0,35.0,14.0,35.0,35.0,14.0,35.0,14.0,,,21.0,GB,,Und,Away,win,,1,0,0,0,0,0,289,388,99.0,,
2026-2027,3,2,9/27/2026,Sun,1:00 PM,BUF,7.0,lac,BUF,lac,Bo,Handlebars,BUF,phi,BUF,lac,,24.0,16.0,24.0,16.0,24.0,16.0,24.0,16.0,,,8.0,lac,,Fav,Home,win,,1,0,0,0,0,0,289,388,99.0,,
2026-2027,3,3,9/27/2026,Sun,1:00 PM,car,2.5,CLE,CLE,car,Bo,Handlebars,CLE,phi,CLE,car,,18.0,21.0,21.0,18.0,21.0,18.0,21.0,18.0,,,3.0,car,,Und,Home,win,,1,0,0,0,0,0,289,388,99.0,,
2026-2027,3,4,9/27/2026,Sun,1:00 PM,DET,6.5,nyj,DET,nyj,Bo,Handlebars,DET,phi,DET,nyj,,31.0,24.0,31.0,24.0,31.0,24.0,31.0,24.0,,,7.0,nyj,,Fav,Home,win,,1,0,0,0,0,0,289,388,99.0,,
2026-2027,3,5,9/27/2026,Sun,1:00 PM,hou,2.5,IND,IND,hou,Bo,Handlebars,IND,phi,IND,hou,,17.0,19.0,19.0,17.0,19.0,17.0,19.0,17.0,,,2.0,hou,,Und,Home,win,,1,0,0,0,0,0,289,388,99.0,,
2026-2027,3,6,9/27/2026,Sun,1:00 PM,kc,11.5,MIA,MIA,kc,Bo,Handlebars,kc,phi,kc,MIA,,24.0,10.0,10.0,24.0,24.0,10.0,24.0,10.0,,,14.0,MIA,,Fav,Away,win,,1,0,0,0,0,0,289,388,99.0,,
2026-2027,3,7,9/27/2026,Sun,1:00 PM,NYG,3.0,ten,NYG,ten,Bo,Handlebars,ten,phi,NYG,ten,,12.0,7.0,12.0,7.0,12.0,7.0,7.0,12.0,,,5.0,NYG,,Und,Away,loss,,0,1,0,0,0,0,289,388,99.0,,
2026-2027,3,8,9/27/2026,Sun,1:00 PM,cin,3.5,PIT,PIT,cin,Bo,Handlebars,cin,phi,PIT,cin,,27.0,30.0,30.0,27.0,30.0,27.0,27.0,30.0,,,3.0,PIT,,Fav,Away,loss,,0,1,0,0,0,0,289,388,99.0,,
2026-2027,3,9,9/27/2026,Sun,1:00 PM,sea,7.0,WAS,WAS,sea,Bo,Handlebars,sea,phi,WAS,sea,,31.0,33.0,33.0,31.0,33.0,31.0,31.0,33.0,,,2.0,WAS,,Fav,Away,loss,,0,1,0,0,0,0,289,388,99.0,,
2026-2027,3,10,9/27/2026,Sun,1:00 PM,JAX,3.0,ne,JAX,ne,Bo,Handlebars,JAX,phi,JAX,ne,,35.0,6.0,35.0,6.0,35.0,6.0,35.0,6.0,,,29.0,ne,,Fav,Home,win,,1,0,0,0,0,0,289,388,99.0,,
2026-2027,3,11,9/27/2026,Sun,4:05 PM,SF,8.5,ari,SF,ari,Bo,Handlebars,ari,phi,ari,SF,,36.0,30.0,36.0,30.0,30.0,36.0,30.0,36.0,,,6.0,SF,,Und,Away,win,,1,0,0,0,0,0,289,388,99.0,,
2026-2027,3,12,9/27/2026,Sun,4:05 PM,min,1.5,TB,TB,min,Bo,Handlebars,TB,phi,min,TB,,23.0,16.0,16.0,23.0,23.0,16.0,16.0,23.0,,,7.0,min,,Und,Home,loss,,0,1,0,0,0,0,289,388,99.0,,
2026-2027,3,13,9/27/2026,Sun,4:25 PM,bal,3.5,DAL,DAL,bal,Bo,Handlebars,bal,phi,DAL,bal,,34.0,31.0,31.0,34.0,31.0,34.0,34.0,31.0,,,3.0,DAL,,Fav,Away,loss,,0,1,0,0,0,0,289,388,99.0,,
2026-2027,3,14,9/27/2026,Sun,4:25 PM,NO,3.0,lv,NO,lv,Bo,Handlebars,NO,phi,lv,NO,,27.0,35.0,27.0,35.0,35.0,27.0,27.0,35.0,,,8.0,lv,,Fav,Home,loss,,0,1,0,0,0,0,289,388,99.0,,
2026-2027,3,15,9/27/2026,Sun,8:20 PM,lar,2.5,DEN,DEN,lar,Bo,Handlebars,lar,phi,DEN,lar,,26.0,30.0,30.0,26.0,30.0,26.0,26.0,30.0,,,4.0,DEN,,Fav,Away,loss,,0,1,0,0,0,0,289,388,99.0,,
2026-2027,3,16,9/28/2026,Mon,8:15 PM,phi,4.5,CHI,CHI,phi,Bo,Handlebars,phi,phi,CHI,phi,,7.0,27.0,27.0,7.0,27.0,7.0,7.0,27.0,7.0,27.0,20.0,CHI,CHI,Fav,Away,loss,loss,0,1,0,0,1,0,289,388,99.0,,
2026-2027,3,1,9/24/2026,Thu,8:15 PM,GB,6.0,atl,GB,atl,Bojane,Neptune Festival!,GB,DAL,atl,GB,,14.0,35.0,14.0,35.0,35.0,14.0,14.0,35.0,,,21.0,atl,,Fav,Home,loss,,0,1,0,0,0,0,456,388,68.0,,
2026-2027,3,2,9/27/2026,Sun,1:00 PM,BUF,7.0,lac,BUF,lac,Bojane,Neptune Festival!,BUF,DAL,BUF,lac,,24.0,16.0,24.0,16.0,24.0,16.0,24.0,16.0,,,8.0,lac,,Fav,Home,win,,1,0,0,0,0,0,456,388,68.0,,
2026-2027,3,3,9/27/2026,Sun,1:00 PM,car,2.5,CLE,CLE,car,Bojane,Neptune Festival!,CLE,DAL,CLE,car,,18.0,21.0,21.0,18.0,21.0,18.0,21.0,18.0,,,3.0,car,,Und,Home,win,,1,0,0,0,0,0,456,388,68.0,,
2026-2027,3,4,9/27/2026,Sun,1:00 PM,DET,6.5,nyj,DET,nyj,Bojane,Neptune Festival!,nyj,DAL,DET,nyj,,31.0,24.0,31.0,24.0,31.0,24.0,24.0,31.0,,,7.0,DET,,Und,Away,loss,,0,1,0,0,0,0,456,388,68.0,,
2026-2027,3,5,9/27/2026,Sun,1:00 PM,hou,2.5,IND,IND,hou,Bojane,Neptune Festival!,IND,DAL,IND,hou,,17.0,19.0,19.0,17.0,19.0,17.0,19.0,17.0,,,2.0,hou,,Und,Home,win,,1,0,0,0,0,0,456,388,68.0,,
2026-2027,3,6,9/27/2026,Sun,1:00 PM,kc,11.5,MIA,MIA,kc,Bojane,Neptune Festival!,MIA,DAL,kc,MIA,,24.0,10.0,10.0,24.0,24.0,10.0,10.0,24.0,,,14.0,kc,,Und,Home,loss,,0,1,0,0,0,0,456,388,68.0,,
2026-2027,3,7,9/27/2026,Sun,1:00 PM,NYG,3.0,ten,NYG,ten,Bojane,Neptune Festival!,ten,DAL,NYG,ten,,12.0,7.0,12.0,7.0,12.0,7.0,7.0,12.0,,,5.0,NYG,,Und,Away,loss,,0,1,0,0,0,0,456,388,68.0,,
2026-2027,3,8,9/27/2026,Sun,1:00 PM,cin,3.5,PIT,PIT,cin,Bojane,Neptune Festival!,PIT,DAL,PIT,cin,,27.0,30.0,30.0,27.0,30.0,27.0,30.0,27.0,,,3.0,cin,,Und,Home,win,,1,0,0,0,0,0,456,388,68.0,,
2026-2027,3,9,9/27/2026,Sun,1:00 PM,sea,7.0,WAS,WAS,sea,Bojane,Neptune Festival!,WAS,DAL,WAS,sea,,31.0,33.0,33.0,31.0,33.0,31.0,33.0,31.0,,,2.0,sea,,Und,Home,win,,1,0,0,0,0,0,456,388,68.0,,
2026-2027,3,10,9/27/2026,Sun,1:00 PM,JAX,3.0,ne,JAX,ne,Bojane,Neptune Festival!,ne,DAL,JAX,ne,,35.0,6.0,35.0,6.0,35.0,6.0,6.0,35.0,,,29.0,JAX,,Und,Away,loss,,0,1,0,0,0,0,456,388,68.0,,
2026-2027,3,11,9/27/2026,Sun,4:05 PM,SF,8.5,ari,SF,ari,Bojane,Neptune Festival!,SF,DAL,ari,SF,,36.0,30.0,36.0,30.0,30.0,36.0,36.0,30.0,,,6.0,ari,,Fav,Home,loss,,0,1,0,0,0,0,456,388,68.0,,
2026-2027,3,12,9/27/2026,Sun,4:05 PM,min,1.5,TB,TB,min,Bojane,Neptune Festival!,min,DAL,min,TB,,23.0,16.0,16.0,23.0,23.0,16.0,23.0,16.0,,,7.0,TB,,Fav,Away,win,,1,0,0,0,0,0,456,388,68.0,,
2026-2027,3,13,9/27/2026,Sun,4:25 PM,bal,3.5,DAL,DAL,bal,Bojane,Neptune Festival!,DAL,DAL,DAL,bal,,34.0,31.0,31.0,34.0,31.0,34.0,31.0,34.0,31.0,34.0,3.0,bal,bal,Und,Home,win,win,1,0,0,1,0,0,456,388,68.0,,
2026-2027,3,14,9/27/2026,Sun,4:25 PM,NO,3.0,lv,NO,lv,Bojane,Neptune Festival!,lv,DAL,lv,NO,,27.0,35.0,27.0,35.0,35.0,27.0,35.0,27.0,,,8.0,NO,,Und,Away,win,,1,0,0,0,0,0,456,388,68.0,,
2026-2027,3,15,9/27/2026,Sun,8:20 PM,lar,2.5,DEN,DEN,lar,Bojane,Neptune Festival!,lar,DAL,DEN,lar,,26.0,30.0,30.0,26.0,30.0,26.0,26.0,30.0,,,4.0,DEN,,Fav,Away,loss,,0,1,0,0,0,0,456,388,68.0,,
2026-2027,3,16,9/28/2026,Mon,8:15 PM,phi,4.5,CHI,CHI,phi,Bojane,Neptune Festival!,phi,DAL,CHI,phi,,7.0,27.0,27.0,7.0,27.0,7.0,7.0,27.0,,,20.0,CHI,,Fav,Away,loss,,0,1,0,0,0,0,456,388,68.0,,
2026-2027,3,1,9/24/2026,Thu,8:15 PM,GB,6.0,atl,GB,atl,Buster,Mr. GIRAFFE AND Mr. LION AND Mr.ELEPHANT AMAZING,GB,GB,atl,GB,,14.0,35.0,14.0,35.0,35.0,14.0,14.0,35.0,14.0,35.0,21.0,atl,atl,Fav,Home,loss,loss,0,1,0,0,1,0,432,388,44.0,,
2026-2027,3,2,9/27/2026,Sun,1:00 PM,BUF,7.0,lac,BUF,lac,Buster,Mr. GIRAFFE AND Mr. LION AND Mr.ELEPHANT AMAZING,lac,GB,BUF,lac,,24.0,16.0,24.0,16.0,24.0,16.0,16.0,24.0,,,8.0,BUF,,Und,Away,loss,,0,1,0,0,0,0,432,388,44.0,,
2026-2027,3,3,9/27/2026,Sun,1:00 PM,car,2.5,CLE,CLE,car,Buster,Mr. GIRAFFE AND Mr. LION AND Mr.ELEPHANT AMAZING,CLE,GB,CLE,car,,18.0,21.0,21.0,18.0,21.0,18.0,21.0,18.0,,,3.0,car,,Und,Home,win,,1,0,0,0,0,0,432,388,44.0,,
2026-2027,3,4,9/27/2026,Sun,1:00 PM,DET,6.5,nyj,DET,nyj,Buster,Mr. GIRAFFE AND Mr. LION AND Mr.ELEPHANT AMAZING,nyj,GB,DET,nyj,,31.0,24.0,31.0,24.0,31.0,24.0,24.0,31.0,,,7.0,DET,,Und,Away,loss,,0,1,0,0,0,0,432,388,44.0,,
2026-2027,3,5,9/27/2026,Sun,1:00 PM,hou,2.5,IND,IND,hou,Buster,Mr. GIRAFFE AND Mr. LION AND Mr.ELEPHANT AMAZING,hou,GB,IND,hou,,17.0,19.0,19.0,17.0,19.0,17.0,17.0,19.0,,,2.0,IND,,Fav,Away,loss,,0,1,0,0,0,0,432,388,44.0,,
2026-2027,3,6,9/27/2026,Sun,1:00 PM,kc,11.5,MIA,MIA,kc,Buster,Mr. GIRAFFE AND Mr. LION AND Mr.ELEPHANT AMAZING,MIA,GB,kc,MIA,,24.0,10.0,10.0,24.0,24.0,10.0,10.0,24.0,,,14.0,kc,,Und,Home,loss,,0,1,0,0,0,0,432,388,44.0,,
2026-2027,3,7,9/27/2026,Sun,1:00 PM,NYG,3.0,ten,NYG,ten,Buster,Mr. GIRAFFE AND Mr. LION AND Mr.ELEPHANT AMAZING,ten,GB,NYG,ten,,12.0,7.0,12.0,7.0,12.0,7.0,7.0,12.0,,,5.0,NYG,,Und,Away,loss,,0,1,0,0,0,0,432,388,44.0,,
2026-2027,3,8,9/27/2026,Sun,1:00 PM,cin,3.5,PIT,PIT,cin,Buster,Mr. GIRAFFE AND Mr. LION AND Mr.ELEPHANT AMAZING,PIT,GB,PIT,cin,,27.0,30.0,30.0,27.0,30.0,27.0,30.0,27.0,,,3.0,cin,,Und,Home,win,,1,0,0,0,0,0,432,388,44.0,,
2026-2027,3,9,9/27/2026,Sun,1:00 PM,sea,7.0,WAS,WAS,sea,Buster,Mr. GIRAFFE AND Mr. LION AND Mr.ELEPHANT AMAZING,sea,GB,WAS,sea,,31.0,33.0,33.0,31.0,33.0,31.0,31.0,33.0,,,2.0,WAS,,Fav,Away,loss,,0,1,0,0,0,0,432,388,44.0,,
2026-2027,3,10,9/27/2026,Sun,1:00 PM,JAX,3.0,ne,JAX,ne,Buster,Mr. GIRAFFE AND Mr. LION AND Mr.ELEPHANT AMAZING,ne,GB,JAX,ne,,35.0,6.0,35.0,6.0,35.0,6.0,6.0,35.0,,,29.0,JAX,,Und,Away,loss,,0,1,0,0,0,0,432,388,44.0,,
2026-2027,3,11,9/27/2026,Sun,4:05 PM,SF,8.5,ari,SF,ari,Buster,Mr. GIRAFFE AND Mr. LION AND Mr.ELEPHANT AMAZING,ari,GB,ari,SF,,36.0,30.0,36.0,30.0,30.0,36.0,30.0,36.0,,,6.0,SF,,Und,Away,win,,1,0,0,0,0,0,432,388,44.0,,
2026-2027,3,12,9/27/2026,Sun,4:05 PM,min,1.5,TB,TB,min,Buster,Mr. GIRAFFE AND Mr. LION AND Mr.ELEPHANT AMAZING,TB,GB,min,TB,,23.0,16.0,16.0,23.0,23.0,16.0,16.0,23.0,,,7.0,min,,Und,Home,loss,,0,1,0,0,0,0,432,388,44.0,,
2026-2027,3,13,9/27/2026,Sun,4:25 PM,bal,3.5,DAL,DAL,bal,Buster,Mr. GIRAFFE AND Mr. LION AND Mr.ELEPHANT AMAZING,DAL,GB,DAL,bal,,34.0,31.0,31.0,34.0,31.0,34.0,31.0,34.0,,,3.0,bal,,Und,Home,win,,1,0,0,0,0,0,432,388,44.0,,
2026-2027,3,14,9/27/2026,Sun,4:25 PM,NO,3.0,lv,NO,lv,Buster,Mr. GIRAFFE AND Mr. LION AND Mr.ELEPHANT AMAZING,NO,GB,lv,NO,,27.0,35.0,27.0,35.0,35.0,27.0,27.0,35.0,,,8.0,lv,,Fav,Home,loss,,0,1,0,0,0,0,432,388,44.0,,
2026-2027,3,15,9/27/2026,Sun,8:20 PM,lar,2.5,DEN,DEN,lar,Buster,Mr. GIRAFFE AND Mr. LION AND Mr.ELEPHANT AMAZING,DEN,GB,DEN,lar,,26.0,30.0,30.0,26.0,30.0,26.0,30.0,26.0,,,4.0,lar,,Und,Home,win,,1,0,0,0,0,0,432,388,44.0,,
2026-2027,3,16,9/28/2026,Mon,8:15 PM,phi,4.5,CHI,CHI,phi,Buster,Mr. GIRAFFE AND Mr. LION AND Mr.ELEPHANT AMAZING,CHI,GB,CHI,phi,,7.0,27.0,27.0,7.0,27.0,7.0,27.0,7.0,,,20.0,phi,,Und,Home,win,,1,0,0,0,0,0,432,388,44.0,,
2026-2027,3,1,9/24/2026,Thu,8:15 PM,GB,6.0,atl,GB,atl,D Price,Maybe sometime,atl,phi,atl,GB,,14.0,35.0,14.0,35.0,35.0,14.0,35.0,14.0,,,21.0,GB,,Und,Away,win,,1,0,0,0,0,0,419,388,31.0,,
2026-2027,3,2,9/27/2026,Sun,1:00 PM,BUF,7.0,lac,BUF,lac,D Price,Maybe sometime,BUF,phi,BUF,lac,,24.0,16.0,24.0,16.0,24.0,16.0,24.0,16.0,,,8.0,lac,,Fav,Home,win,,1,0,0,0,0,0,419,388,31.0,,
2026-2027,3,3,9/27/2026,Sun,1:00 PM,car,2.5,CLE,CLE,car,D Price,Maybe sometime,car,phi,CLE,car,,18.0,21.0,21.0,18.0,21.0,18.0,18.0,21.0,,,3.0,CLE,,Fav,Away,loss,,0,1,0,0,0,0,419,388,31.0,,
2026-2027,3,4,9/27/2026,Sun,1:00 PM,DET,6.5,nyj,DET,nyj,D Price,Maybe sometime,DET,phi,DET,nyj,,31.0,24.0,31.0,24.0,31.0,24.0,31.0,24.0,,,7.0,nyj,,Fav,Home,win,,1,0,0,0,0,0,419,388,31.0,,
2026-2027,3,5,9/27/2026,Sun,1:00 PM,hou,2.5,IND,IND,hou,D Price,Maybe sometime,hou,phi,IND,hou,,17.0,19.0,19.0,17.0,19.0,17.0,17.0,19.0,,,2.0,IND,,Fav,Away,loss,,0,1,0,0,0,0,419,388,31.0,,
2026-2027,3,6,9/27/2026,Sun,1:00 PM,kc,11.5,MIA,MIA,kc,D Price,Maybe sometime,MIA,phi,kc,MIA,,24.0,10.0,10.0,24.0,24.0,10.0,10.0,24.0,,,14.0,kc,,Und,Home,loss,,0,1,0,0,0,0,419,388,31.0,,
2026-2027,3,7,9/27/2026,Sun,1:00 PM,NYG,3.0,ten,NYG,ten,D Price,Maybe sometime,ten,phi,NYG,ten,,12.0,7.0,12.0,7.0,12.0,7.0,7.0,12.0,,,5.0,NYG,,Und,Away,loss,,0,1,0,0,0,0,419,388,31.0,,
2026-2027,3,8,9/27/2026,Sun,1:00 PM,cin,3.5,PIT,PIT,cin,D Price,Maybe sometime,PIT,phi,PIT,cin,,27.0,30.0,30.0,27.0,30.0,27.0,30.0,27.0,,,3.0,cin,,Und,Home,win,,1,0,0,0,0,0,419,388,31.0,,
2026-2027,3,9,9/27/2026,Sun,1:00 PM,sea,7.0,WAS,WAS,sea,D Price,Maybe sometime,sea,phi,WAS,sea,,31.0,33.0,33.0,31.0,33.0,31.0,31.0,33.0,,,2.0,WAS,,Fav,Away,loss,,0,1,0,0,0,0,419,388,31.0,,
2026-2027,3,10,9/27/2026,Sun,1:00 PM,JAX,3.0,ne,JAX,ne,D Price,Maybe sometime,JAX,phi,JAX,ne,,35.0,6.0,35.0,6.0,35.0,6.0,35.0,6.0,,,29.0,ne,,Fav,Home,win,,1,0,0,0,0,0,419,388,31.0,,
2026-2027,3,11,9/27/2026,Sun,4:05 PM,SF,8.5,ari,SF,ari,D Price,Maybe sometime,SF,phi,ari,SF,,36.0,30.0,36.0,30.0,30.0,36.0,36.0,30.0,,,6.0,ari,,Fav,Home,loss,,0,1,0,0,0,0,419,388,31.0,,
2026-2027,3,12,9/27/2026,Sun,4:05 PM,min,1.5,TB,TB,min,D Price,Maybe sometime,min,phi,min,TB,,23.0,16.0,16.0,23.0,23.0,16.0,23.0,16.0,,,7.0,TB,,Fav,Away,win,,1,0,0,0,0,0,419,388,31.0,,
2026-2027,3,13,9/27/2026,Sun,4:25 PM,bal,3.5,DAL,DAL,bal,D Price,Maybe sometime,DAL,phi,DAL,bal,,34.0,31.0,31.0,34.0,31.0,34.0,31.0,34.0,,,3.0,bal,,Und,Home,win,,1,0,0,0,0,0,419,388,31.0,,
2026-2027,3,14,9/27/2026,Sun,4:25 PM,NO,3.0,lv,NO,lv,D Price,Maybe sometime,NO,phi,lv,NO,,27.0,35.0,27.0,35.0,35.0,27.0,27.0,35.0,,,8.0,lv,,Fav,Home,loss,,0,1,0,0,0,0,419,388,31.0,,
2026-2027,3,15,9/27/2026,Sun,8:20 PM,lar,2.5,DEN,DEN,lar,D Price,Maybe sometime,lar,phi,DEN,lar,,26.0,30.0,30.0,26.0,30.0,26.0,26.0,30.0,,,4.0,DEN,,Fav,Away,loss,,0,1,0,0,0,0,419,388,31.0,,
2026-2027,3,16,9/28/2026,Mon,8:15 PM,phi,4.5,CHI,CHI,phi,D Price,Maybe sometime,phi,phi,CHI,phi,,7.0,27.0,27.0,7.0,27.0,7.0,7.0,27.0,7.0,27.0,20.0,CHI,CHI,Fav,Away,loss,loss,0,1,0,0,1,0,419,388,31.0,,
2026-2027,3,1,9/24/2026,Thu,8:15 PM,GB,6.0,atl,GB,atl,DG,In JA17 we trust,GB,BUF,atl,GB,,14.0,35.0,14.0,35.0,35.0,14.0,14.0,35.0,,,21.0,atl,,Fav,Home,loss,,0,1,0,0,0,0,500,388,112.0,,
2026-2027,3,2,9/27/2026,Sun,1:00 PM,BUF,7.0,lac,BUF,lac,DG,In JA17 we trust,BUF,BUF,BUF,lac,,24.0,16.0,24.0,16.0,24.0,16.0,24.0,16.0,24.0,16.0,8.0,lac,lac,Fav,Home,win,win,1,0,0,1,0,0,500,388,112.0,,
2026-2027,3,3,9/27/2026,Sun,1:00 PM,car,2.5,CLE,CLE,car,DG,In JA17 we trust,car,BUF,CLE,car,,18.0,21.0,21.0,18.0,21.0,18.0,18.0,21.0,,,3.0,CLE,,Fav,Away,loss,,0,1,0,0,0,0,500,388,112.0,,
2026-2027,3,4,9/27/2026,Sun,1:00 PM,DET,6.5,nyj,DET,nyj,DG,In JA17 we trust,DET,BUF,DET,nyj,,31.0,24.0,31.0,24.0,31.0,24.0,31.0,24.0,,,7.0,nyj,,Fav,Home,win,,1,0,0,0,0,0,500,388,112.0,,
2026-2027,3,5,9/27/2026,Sun,1:00 PM,hou,2.5,IND,IND,hou,DG,In JA17 we trust,hou,BUF,IND,hou,,17.0,19.0,19.0,17.0,19.0,17.0,17.0,19.0,,,2.0,IND,,Fav,Away,loss,,0,1,0,0,0,0,500,388,112.0,,
2026-2027,3,6,9/27/2026,Sun,1:00 PM,kc,11.5,MIA,MIA,kc,DG,In JA17 we trust,kc,BUF,kc,MIA,,24.0,10.0,10.0,24.0,24.0,10.0,24.0,10.0,,,14.0,MIA,,Fav,Away,win,,1,0,0,0,0,0,500,388,112.0,,
2026-2027,3,7,9/27/2026,Sun,1:00 PM,NYG,3.0,ten,NYG,ten,DG,In JA17 we trust,ten,BUF,NYG,ten,,12.0,7.0,12.0,7.0,12.0,7.0,7.0,12.0,,,5.0,NYG,,Und,Away,loss,,0,1,0,0,0,0,500,388,112.0,,
2026-2027,3,8,9/27/2026,Sun,1:00 PM,cin,3.5,PIT,PIT,cin,DG,In JA17 we trust,cin,BUF,PIT,cin,,27.0,30.0,30.0,27.0,30.0,27.0,27.0,30.0,,,3.0,PIT,,Fav,Away,loss,,0,1,0,0,0,0,500,388,112.0,,
2026-2027,3,9,9/27/2026,Sun,1:00 PM,sea,7.0,WAS,WAS,sea,DG,In JA17 we trust,sea,BUF,WAS,sea,,31.0,33.0,33.0,31.0,33.0,31.0,31.0,33.0,,,2.0,WAS,,Fav,Away,loss,,0,1,0,0,0,0,500,388,112.0,,
2026-2027,3,10,9/27/2026,Sun,1:00 PM,JAX,3.0,ne,JAX,ne,DG,In JA17 we trust,ne,BUF,JAX,ne,,35.0,6.0,35.0,6.0,35.0,6.0,6.0,35.0,,,29.0,JAX,,Und,Away,loss,,0,1,0,0,0,0,500,388,112.0,,
2026-2027,3,11,9/27/2026,Sun,4:05 PM,SF,8.5,ari,SF,ari,DG,In JA17 we trust,SF,BUF,ari,SF,,36.0,30.0,36.0,30.0,30.0,36.0,36.0,30.0,,,6.0,ari,,Fav,Home,loss,,0,1,0,0,0,0,500,388,112.0,,
2026-2027,3,12,9/27/2026,Sun,4:05 PM,min,1.5,TB,TB,min,DG,In JA17 we trust,min,BUF,min,TB,,23.0,16.0,16.0,23.0,23.0,16.0,23.0,16.0,,,7.0,TB,,Fav,Away,win,,1,0,0,0,0,0,500,388,112.0,,
2026-2027,3,13,9/27/2026,Sun,4:25 PM,bal,3.5,DAL,DAL,bal,DG,In JA17 we trust,DAL,BUF,DAL,bal,,34.0,31.0,31.0,34.0,31.0,34.0,31.0,34.0,,,3.0,bal,,Und,Home,win,,1,0,0,0,0,0,500,388,112.0,,
2026-2027,3,14,9/27/2026,Sun,4:25 PM,NO,3.0,lv,NO,lv,DG,In JA17 we trust,NO,BUF,lv,NO,,27.0,35.0,27.0,35.0,35.0,27.0,27.0,35.0,,,8.0,lv,,Fav,Home,loss,,0,1,0,0,0,0,500,388,112.0,,
2026-2027,3,15,9/27/2026,Sun,8:20 PM,lar,2.5,DEN,DEN,lar,DG,In JA17 we trust,lar,BUF,DEN,lar,,26.0,30.0,30.0,26.0,30.0,26.0,26.0,30.0,,,4.0,DEN,,Fav,Away,loss,,0,1,0,0,0,0,500,388,112.0,,
2026-2027,3,16,9/28/2026,Mon,8:15 PM,phi,4.5,CHI,CHI,phi,DG,In JA17 we trust,CHI,BUF,CHI,phi,,7.0,27.0,27.0,7.0,27.0,7.0,27.0,7.0,,,20.0,phi,,Und,Home,win,,1,0,0,0,0,0,500,388,112.0,,
2026-2027,3,1,9/24/2026,Thu,8:15 PM,GB,6.0,atl,GB,atl,DMac,"Run through the jungle, go through the heart, and conquer ""the fear""",GB,BUF,atl,GB,,14.0,35.0,14.0,35.0,35.0,14.0,14.0,35.0,,,21.0,atl,,Fav,Home,loss,,0,1,0,0,0,0,422,388,34.0,,
2026-2027,3,2,9/27/2026,Sun,1:00 PM,BUF,7.0,lac,BUF,lac,DMac,"Run through the jungle, go through the heart, and conquer ""the fear""",BUF,BUF,BUF,lac,,24.0,16.0,24.0,16.0,24.0,16.0,24.0,16.0,24.0,16.0,8.0,lac,lac,Fav,Home,win,win,1,0,0,1,0,0,422,388,34.0,,
2026-2027,3,3,9/27/2026,Sun,1:00 PM,car,2.5,CLE,CLE,car,DMac,"Run through the jungle, go through the heart, and conquer ""the fear""",CLE,BUF,CLE,car,,18.0,21.0,21.0,18.0,21.0,18.0,21.0,18.0,,,3.0,car,,Und,Home,win,,1,0,0,0,0,0,422,388,34.0,,
2026-2027,3,4,9/27/2026,Sun,1:00 PM,DET,6.5,nyj,DET,nyj,DMac,"Run through the jungle, go through the heart, and conquer ""the fear""",nyj,BUF,DET,nyj,,31.0,24.0,31.0,24.0,31.0,24.0,24.0,31.0,,,7.0,DET,,Und,Away,loss,,0,1,0,0,0,0,422,388,34.0,,
2026-2027,3,5,9/27/2026,Sun,1:00 PM,hou,2.5,IND,IND,hou,DMac,"Run through the jungle, go through the heart, and conquer ""the fear""",hou,BUF,IND,hou,,17.0,19.0,19.0,17.0,19.0,17.0,17.0,19.0,,,2.0,IND,,Fav,Away,loss,,0,1,0,0,0,0,422,388,34.0,,
2026-2027,3,6,9/27/2026,Sun,1:00 PM,kc,11.5,MIA,MIA,kc,DMac,"Run through the jungle, go through the heart, and conquer ""the fear""",kc,BUF,kc,MIA,,24.0,10.0,10.0,24.0,24.0,10.0,24.0,10.0,,,14.0,MIA,,Fav,Away,win,,1,0,0,0,0,0,422,388,34.0,,
2026-2027,3,7,9/27/2026,Sun,1:00 PM,NYG,3.0,ten,NYG,ten,DMac,"Run through the jungle, go through the heart, and conquer ""the fear""",ten,BUF,NYG,ten,,12.0,7.0,12.0,7.0,12.0,7.0,7.0,12.0,,,5.0,NYG,,Und,Away,loss,,0,1,0,0,0,0,422,388,34.0,,
2026-2027,3,8,9/27/2026,Sun,1:00 PM,cin,3.5,PIT,PIT,cin,DMac,"Run through the jungle, go through the heart, and conquer ""the fear""",cin,BUF,PIT,cin,,27.0,30.0,30.0,27.0,30.0,27.0,27.0,30.0,,,3.0,PIT,,Fav,Away,loss,,0,1,0,0,0,0,422,388,34.0,,
2026-2027,3,9,9/27/2026,Sun,1:00 PM,sea,7.0,WAS,WAS,sea,DMac,"Run through the jungle, go through the heart, and conquer ""the fear""",sea,BUF,WAS,sea,,31.0,33.0,33.0,31.0,33.0,31.0,31.0,33.0,,,2.0,WAS,,Fav,Away,loss,,0,1,0,0,0,0,422,388,34.0,,
2026-2027,3,10,9/27/2026,Sun,1:00 PM,JAX,3.0,ne,JAX,ne,DMac,"Run through the jungle, go through the heart, and conquer ""the fear""",JAX,BUF,JAX,ne,,35.0,6.0,35.0,6.0,35.0,6.0,35.0,6.0,,,29.0,ne,,Fav,Home,win,,1,0,0,0,0,0,422,388,34.0,,
2026-2027,3,11,9/27/2026,Sun,4:05 PM,SF,8.5,ari,SF,ari,DMac,"Run through the jungle, go through the heart, and conquer ""the fear""",SF,BUF,ari,SF,,36.0,30.0,36.0,30.0,30.0,36.0,36.0,30.0,,,6.0,ari,,Fav,Home,loss,,0,1,0,0,0,0,422,388,34.0,,
2026-2027,3,12,9/27/2026,Sun,4:05 PM,min,1.5,TB,TB,min,DMac,"Run through the jungle, go through the heart, and conquer ""the fear""",TB,BUF,min,TB,,23.0,16.0,16.0,23.0,23.0,16.0,16.0,23.0,,,7.0,min,,Und,Home,loss,,0,1,0,0,0,0,422,388,34.0,,
2026-2027,3,13,9/27/2026,Sun,4:25 PM,bal,3.5,DAL,DAL,bal,DMac,"Run through the jungle, go through the heart, and conquer ""the fear""",bal,BUF,DAL,bal,,34.0,31.0,31.0,34.0,31.0,34.0,34.0,31.0,,,3.0,DAL,,Fav,Away,loss,,0,1,0,0,0,0,422,388,34.0,,
2026-2027,3,14,9/27/2026,Sun,4:25 PM,NO,3.0,lv,NO,lv,DMac,"Run through the jungle, go through the heart, and conquer ""the fear""",NO,BUF,lv,NO,,27.0,35.0,27.0,35.0,35.0,27.0,27.0,35.0,,,8.0,lv,,Fav,Home,loss,,0,1,0,0,0,0,422,388,34.0,,
2026-2027,3,15,9/27/2026,Sun,8:20 PM,lar,2.5,DEN,DEN,lar,DMac,"Run through the jungle, go through the heart, and conquer ""the fear""",DEN,BUF,DEN,lar,,26.0,30.0,30.0,26.0,30.0,26.0,30.0,26.0,,,4.0,lar,,Und,Home,win,,1,0,0,0,0,0,422,388,34.0,,
2026-2027,3,16,9/28/2026,Mon,8:15 PM,phi,4.5,CHI,CHI,phi,DMac,"Run through the jungle, go through the heart, and conquer ""the fear""",phi,BUF,CHI,phi,,7.0,27.0,27.0,7.0,27.0,7.0,7.0,27.0,,,20.0,CHI,,Fav,Away,loss,,0,1,0,0,0,0,422,388,34.0,,
2026-2027,3,1,9/24/2026,Thu,8:15 PM,GB,6.0,atl,GB,atl,DP,Hurt my finger making picks.,GB,NO,atl,GB,,14.0,35.0,14.0,35.0,35.0,14.0,14.0,35.0,,,21.0,atl,,Fav,Home,loss,,0,1,0,0,0,0,456,388,68.0,,
2026-2027,3,2,9/27/2026,Sun,1:00 PM,BUF,7.0,lac,BUF,lac,DP,Hurt my finger making picks.,BUF,NO,BUF,lac,,24.0,16.0,24.0,16.0,24.0,16.0,24.0,16.0,,,8.0,lac,,Fav,Home,win,,1,0,0,0,0,0,456,388,68.0,,
2026-2027,3,3,9/27/2026,Sun,1:00 PM,car,2.5,CLE,CLE,car,DP,Hurt my finger making picks.,car,NO,CLE,car,,18.0,21.0,21.0,18.0,21.0,18.0,18.0,21.0,,,3.0,CLE,,Fav,Away,loss,,0,1,0,0,0,0,456,388,68.0,,
2026-2027,3,4,9/27/2026,Sun,1:00 PM,DET,6.5,nyj,DET,nyj,DP,Hurt my finger making picks.,DET,NO,DET,nyj,,31.0,24.0,31.0,24.0,31.0,24.0,31.0,24.0,,,7.0,nyj,,Fav,Home,win,,1,0,0,0,0,0,456,388,68.0,,
2026-2027,3,5,9/27/2026,Sun,1:00 PM,hou,2.5,IND,IND,hou,DP,Hurt my finger making picks.,IND,NO,IND,hou,,17.0,19.0,19.0,17.0,19.0,17.0,19.0,17.0,,,2.0,hou,,Und,Home,win,,1,0,0,0,0,0,456,388,68.0,,
2026-2027,3,6,9/27/2026,Sun,1:00 PM,kc,11.5,MIA,MIA,kc,DP,Hurt my finger making picks.,kc,NO,kc,MIA,,24.0,10.0,10.0,24.0,24.0,10.0,24.0,10.0,,,14.0,MIA,,Fav,Away,win,,1,0,0,0,0,0,456,388,68.0,,
2026-2027,3,7,9/27/2026,Sun,1:00 PM,NYG,3.0,ten,NYG,ten,DP,Hurt my finger making picks.,ten,NO,NYG,ten,,12.0,7.0,12.0,7.0,12.0,7.0,7.0,12.0,,,5.0,NYG,,Und,Away,loss,,0,1,0,0,0,0,456,388,68.0,,
2026-2027,3,8,9/27/2026,Sun,1:00 PM,cin,3.5,PIT,PIT,cin,DP,Hurt my finger making picks.,cin,NO,PIT,cin,,27.0,30.0,30.0,27.0,30.0,27.0,27.0,30.0,,,3.0,PIT,,Fav,Away,loss,,0,1,0,0,0,0,456,388,68.0,,
2026-2027,3,9,9/27/2026,Sun,1:00 PM,sea,7.0,WAS,WAS,sea,DP,Hurt my finger making picks.,sea,NO,WAS,sea,,31.0,33.0,33.0,31.0,33.0,31.0,31.0,33.0,,,2.0,WAS,,Fav,Away,loss,,0,1,0,0,0,0,456,388,68.0,,
2026-2027,3,10,9/27/2026,Sun,1:00 PM,JAX,3.0,ne,JAX,ne,DP,Hurt my finger making picks.,ne,NO,JAX,ne,,35.0,6.0,35.0,6.0,35.0,6.0,6.0,35.0,,,29.0,JAX,,Und,Away,loss,,0,1,0,0,0,0,456,388,68.0,,
2026-2027,3,11,9/27/2026,Sun,4:05 PM,SF,8.5,ari,SF,ari,DP,Hurt my finger making picks.,SF,NO,ari,SF,,36.0,30.0,36.0,30.0,30.0,36.0,36.0,30.0,,,6.0,ari,,Fav,Home,loss,,0,1,0,0,0,0,456,388,68.0,,
2026-2027,3,12,9/27/2026,Sun,4:05 PM,min,1.5,TB,TB,min,DP,Hurt my finger making picks.,TB,NO,min,TB,,23.0,16.0,16.0,23.0,23.0,16.0,16.0,23.0,,,7.0,min,,Und,Home,loss,,0,1,0,0,0,0,456,388,68.0,,
2026-2027,3,13,9/27/2026,Sun,4:25 PM,bal,3.5,DAL,DAL,bal,DP,Hurt my finger making picks.,DAL,NO,DAL,bal,,34.0,31.0,31.0,34.0,31.0,34.0,31.0,34.0,,,3.0,bal,,Und,Home,win,,1,0,0,0,0,0,456,388,68.0,,
2026-2027,3,14,9/27/2026,Sun,4:25 PM,NO,3.0,lv,NO,lv,DP,Hurt my finger making picks.,NO,NO,lv,NO,,27.0,35.0,27.0,35.0,35.0,27.0,27.0,35.0,27.0,35.0,8.0,lv,lv,Fav,Home,loss,loss,0,1,0,0,1,0,456,388,68.0,,
2026-2027,3,15,9/27/2026,Sun,8:20 PM,lar,2.5,DEN,DEN,lar,DP,Hurt my finger making picks.,DEN,NO,DEN,lar,,26.0,30.0,30.0,26.0,30.0,26.0,30.0,26.0,,,4.0,lar,,Und,Home,win,,1,0,0,0,0,0,456,388,68.0,,
2026-2027,3,16,9/28/2026,Mon,8:15 PM,phi,4.5,CHI,CHI,phi,DP,Hurt my finger making picks.,phi,NO,CHI,phi,,7.0,27.0,27.0,7.0,27.0,7.0,7.0,27.0,,,20.0,CHI,,Fav,Away,loss,,0,1,0,0,0,0,456,388,68.0,,
2026-2027,3,1,9/24/2026,Thu,8:15 PM,GB,6.0,atl,GB,atl,Gary,Good news and bad news,GB,GB,atl,GB,,14.0,35.0,14.0,35.0,35.0,14.0,14.0,35.0,14.0,35.0,21.0,atl,atl,Fav,Home,loss,loss,0,1,0,0,1,0,555,388,167.0,,
2026-2027,3,2,9/27/2026,Sun,1:00 PM,BUF,7.0,lac,BUF,lac,Gary,Good news and bad news,BUF,GB,BUF,lac,,24.0,16.0,24.0,16.0,24.0,16.0,24.0,16.0,,,8.0,lac,,Fav,Home,win,,1,0,0,0,0,0,555,388,167.0,,
2026-2027,3,3,9/27/2026,Sun,1:00 PM,car,2.5,CLE,CLE,car,Gary,Good news and bad news,CLE,GB,CLE,car,,18.0,21.0,21.0,18.0,21.0,18.0,21.0,18.0,,,3.0,car,,Und,Home,win,,1,0,0,0,0,0,555,388,167.0,,
2026-2027,3,4,9/27/2026,Sun,1:00 PM,DET,6.5,nyj,DET,nyj,Gary,Good news and bad news,DET,GB,DET,nyj,,31.0,24.0,31.0,24.0,31.0,24.0,31.0,24.0,,,7.0,nyj,,Fav,Home,win,,1,0,0,0,0,0,555,388,167.0,,
2026-2027,3,5,9/27/2026,Sun,1:00 PM,hou,2.5,IND,IND,hou,Gary,Good news and bad news,IND,GB,IND,hou,,17.0,19.0,19.0,17.0,19.0,17.0,19.0,17.0,,,2.0,hou,,Und,Home,win,,1,0,0,0,0,0,555,388,167.0,,
2026-2027,3,6,9/27/2026,Sun,1:00 PM,kc,11.5,MIA,MIA,kc,Gary,Good news and bad news,kc,GB,kc,MIA,,24.0,10.0,10.0,24.0,24.0,10.0,24.0,10.0,,,14.0,MIA,,Fav,Away,win,,1,0,0,0,0,0,555,388,167.0,,
2026-2027,3,7,9/27/2026,Sun,1:00 PM,NYG,3.0,ten,NYG,ten,Gary,Good news and bad news,NYG,GB,NYG,ten,,12.0,7.0,12.0,7.0,12.0,7.0,12.0,7.0,,,5.0,ten,,Fav,Home,win,,1,0,0,0,0,0,555,388,167.0,,
2026-2027,3,8,9/27/2026,Sun,1:00 PM,cin,3.5,PIT,PIT,cin,Gary,Good news and bad news,cin,GB,PIT,cin,,27.0,30.0,30.0,27.0,30.0,27.0,27.0,30.0,,,3.0,PIT,,Fav,Away,loss,,0,1,0,0,0,0,555,388,167.0,,
2026-2027,3,9,9/27/2026,Sun,1:00 PM,sea,7.0,WAS,WAS,sea,Gary,Good news and bad news,WAS,GB,WAS,sea,,31.0,33.0,33.0,31.0,33.0,31.0,33.0,31.0,,,2.0,sea,,Und,Home,win,,1,0,0,0,0,0,555,388,167.0,,
2026-2027,3,10,9/27/2026,Sun,1:00 PM,JAX,3.0,ne,JAX,ne,Gary,Good news and bad news,JAX,GB,JAX,ne,,35.0,6.0,35.0,6.0,35.0,6.0,35.0,6.0,,,29.0,ne,,Fav,Home,win,,1,0,0,0,0,0,555,388,167.0,,
2026-2027,3,11,9/27/2026,Sun,4:05 PM,SF,8.5,ari,SF,ari,Gary,Good news and bad news,ari,GB,ari,SF,,36.0,30.0,36.0,30.0,30.0,36.0,30.0,36.0,,,6.0,SF,,Und,Away,win,,1,0,0,0,0,0,555,388,167.0,,
2026-2027,3,12,9/27/2026,Sun,4:05 PM,min,1.5,TB,TB,min,Gary,Good news and bad news,TB,GB,min,TB,,23.0,16.0,16.0,23.0,23.0,16.0,16.0,23.0,,,7.0,min,,Und,Home,loss,,0,1,0,0,0,0,555,388,167.0,,
2026-2027,3,13,9/27/2026,Sun,4:25 PM,bal,3.5,DAL,DAL,bal,Gary,Good news and bad news,DAL,GB,DAL,bal,,34.0,31.0,31.0,34.0,31.0,34.0,31.0,34.0,,,3.0,bal,,Und,Home,win,,1,0,0,0,0,0,555,388,167.0,,
2026-2027,3,14,9/27/2026,Sun,4:25 PM,NO,3.0,lv,NO,lv,Gary,Good news and bad news,NO,GB,lv,NO,,27.0,35.0,27.0,35.0,35.0,27.0,27.0,35.0,,,8.0,lv,,Fav,Home,loss,,0,1,0,0,0,0,555,388,167.0,,
2026-2027,3,15,9/27/2026,Sun,8:20 PM,lar,2.5,DEN,DEN,lar,Gary,Good news and bad news,DEN,GB,DEN,lar,,26.0,30.0,30.0,26.0,30.0,26.0,30.0,26.0,,,4.0,lar,,Und,Home,win,,1,0,0,0,0,0,555,388,167.0,,
2026-2027,3,16,9/28/2026,Mon,8:15 PM,phi,4.5,CHI,CHI,phi,Gary,Good news and bad news,CHI,GB,CHI,phi,,7.0,27.0,27.0,7.0,27.0,7.0,27.0,7.0,,,20.0,phi,,Und,Home,win,,1,0,0,0,0,0,555,388,167.0,,
2026-2027,3,1,9/24/2026,Thu,8:15 PM,GB,6.0,atl,GB,atl,Jim,browns are gonna browns,atl,sea,atl,GB,,14.0,35.0,14.0,35.0,35.0,14.0,35.0,14.0,,,21.0,GB,,Und,Away,win,,1,0,0,0,0,0,429,388,41.0,,
2026-2027,3,2,9/27/2026,Sun,1:00 PM,BUF,7.0,lac,BUF,lac,Jim,browns are gonna browns,lac,sea,BUF,lac,,24.0,16.0,24.0,16.0,24.0,16.0,16.0,24.0,,,8.0,BUF,,Und,Away,loss,,0,1,0,0,0,0,429,388,41.0,,
2026-2027,3,3,9/27/2026,Sun,1:00 PM,car,2.5,CLE,CLE,car,Jim,browns are gonna browns,car,sea,CLE,car,,18.0,21.0,21.0,18.0,21.0,18.0,18.0,21.0,,,3.0,CLE,,Fav,Away,loss,,0,1,0,0,0,0,429,388,41.0,,
2026-2027,3,4,9/27/2026,Sun,1:00 PM,DET,6.5,nyj,DET,nyj,Jim,browns are gonna browns,DET,sea,DET,nyj,,31.0,24.0,31.0,24.0,31.0,24.0,31.0,24.0,,,7.0,nyj,,Fav,Home,win,,1,0,0,0,0,0,429,388,41.0,,
2026-2027,3,5,9/27/2026,Sun,1:00 PM,hou,2.5,IND,IND,hou,Jim,browns are gonna browns,hou,sea,IND,hou,,17.0,19.0,19.0,17.0,19.0,17.0,17.0,19.0,,,2.0,IND,,Fav,Away,loss,,0,1,0,0,0,0,429,388,41.0,,
2026-2027,3,6,9/27/2026,Sun,1:00 PM,kc,11.5,MIA,MIA,kc,Jim,browns are gonna browns,MIA,sea,kc,MIA,,24.0,10.0,10.0,24.0,24.0,10.0,10.0,24.0,,,14.0,kc,,Und,Home,loss,,0,1,0,0,0,0,429,388,41.0,,
2026-2027,3,7,9/27/2026,Sun,1:00 PM,NYG,3.0,ten,NYG,ten,Jim,browns are gonna browns,NYG,sea,NYG,ten,,12.0,7.0,12.0,7.0,12.0,7.0,12.0,7.0,,,5.0,ten,,Fav,Home,win,,1,0,0,0,0,0,429,388,41.0,,
2026-2027,3,8,9/27/2026,Sun,1:00 PM,cin,3.5,PIT,PIT,cin,Jim,browns are gonna browns,PIT,sea,PIT,cin,,27.0,30.0,30.0,27.0,30.0,27.0,30.0,27.0,,,3.0,cin,,Und,Home,win,,1,0,0,0,0,0,429,388,41.0,,
2026-2027,3,9,9/27/2026,Sun,1:00 PM,sea,7.0,WAS,WAS,sea,Jim,browns are gonna browns,sea,sea,WAS,sea,,31.0,33.0,33.0,31.0,33.0,31.0,31.0,33.0,31.0,33.0,2.0,WAS,WAS,Fav,Away,loss,loss,0,1,0,0,1,0,429,388,41.0,,
2026-2027,3,10,9/27/2026,Sun,1:00 PM,JAX,3.0,ne,JAX,ne,Jim,browns are gonna browns,JAX,sea,JAX,ne,,35.0,6.0,35.0,6.0,35.0,6.0,35.0,6.0,,,29.0,ne,,Fav,Home,win,,1,0,0,0,0,0,429,388,41.0,,
2026-2027,3,11,9/27/2026,Sun,4:05 PM,SF,8.5,ari,SF,ari,Jim,browns are gonna browns,ari,sea,ari,SF,,36.0,30.0,36.0,30.0,30.0,36.0,30.0,36.0,,,6.0,SF,,Und,Away,win,,1,0,0,0,0,0,429,388,41.0,,
2026-2027,3,12,9/27/2026,Sun,4:05 PM,min,1.5,TB,TB,min,Jim,browns are gonna browns,TB,sea,min,TB,,23.0,16.0,16.0,23.0,23.0,16.0,16.0,23.0,,,7.0,min,,Und,Home,loss,,0,1,0,0,0,0,429,388,41.0,,
2026-2027,3,13,9/27/2026,Sun,4:25 PM,bal,3.5,DAL,DAL,bal,Jim,browns are gonna browns,DAL,sea,DAL,bal,,34.0,31.0,31.0,34.0,31.0,34.0,31.0,34.0,,,3.0,bal,,Und,Home,win,,1,0,0,0,0,0,429,388,41.0,,
2026-2027,3,14,9/27/2026,Sun,4:25 PM,NO,3.0,lv,NO,lv,Jim,browns are gonna browns,NO,sea,lv,NO,,27.0,35.0,27.0,35.0,35.0,27.0,27.0,35.0,,,8.0,lv,,Fav,Home,loss,,0,1,0,0,0,0,429,388,41.0,,
2026-2027,3,15,9/27/2026,Sun,8:20 PM,lar,2.5,DEN,DEN,lar,Jim,browns are gonna browns,lar,sea,DEN,lar,,26.0,30.0,30.0,26.0,30.0,26.0,26.0,30.0,,,4.0,DEN,,Fav,Away,loss,,0,1,0,0,0,0,429,388,41.0,,
2026-2027,3,16,9/28/2026,Mon,8:15 PM,phi,4.5,CHI,CHI,phi,Jim,browns are gonna browns,CHI,sea,CHI,phi,,7.0,27.0,27.0,7.0,27.0,7.0,27.0,7.0,,,20.0,phi,,Und,Home,win,,1,0,0,0,0,0,429,388,41.0,,
2026-2027,3,1,9/24/2026,Thu,8:15 PM,GB,6.0,atl,GB,atl,JLew,Cignetti is ready,GB,SF,atl,GB,,14.0,35.0,14.0,35.0,35.0,14.0,14.0,35.0,,,21.0,atl,,Fav,Home,loss,,0,1,0,0,0,0,385,388,3.0,,
2026-2027,3,2,9/27/2026,Sun,1:00 PM,BUF,7.0,lac,BUF,lac,JLew,Cignetti is ready,BUF,SF,BUF,lac,,24.0,16.0,24.0,16.0,24.0,16.0,24.0,16.0,,,8.0,lac,,Fav,Home,win,,1,0,0,0,0,0,385,388,3.0,,
2026-2027,3,3,9/27/2026,Sun,1:00 PM,car,2.5,CLE,CLE,car,JLew,Cignetti is ready,car,SF,CLE,car,,18.0,21.0,21.0,18.0,21.0,18.0,18.0,21.0,,,3.0,CLE,,Fav,Away,loss,,0,1,0,0,0,0,385,388,3.0,,
2026-2027,3,4,9/27/2026,Sun,1:00 PM,DET,6.5,nyj,DET,nyj,JLew,Cignetti is ready,DET,SF,DET,nyj,,31.0,24.0,31.0,24.0,31.0,24.0,31.0,24.0,,,7.0,nyj,,Fav,Home,win,,1,0,0,0,0,0,385,388,3.0,,
2026-2027,3,5,9/27/2026,Sun,1:00 PM,hou,2.5,IND,IND,hou,JLew,Cignetti is ready,IND,SF,IND,hou,,17.0,19.0,19.0,17.0,19.0,17.0,19.0,17.0,,,2.0,hou,,Und,Home,win,,1,0,0,0,0,0,385,388,3.0,,
2026-2027,3,6,9/27/2026,Sun,1:00 PM,kc,11.5,MIA,MIA,kc,JLew,Cignetti is ready,kc,SF,kc,MIA,,24.0,10.0,10.0,24.0,24.0,10.0,24.0,10.0,,,14.0,MIA,,Fav,Away,win,,1,0,0,0,0,0,385,388,3.0,,
2026-2027,3,7,9/27/2026,Sun,1:00 PM,NYG,3.0,ten,NYG,ten,JLew,Cignetti is ready,NYG,SF,NYG,ten,,12.0,7.0,12.0,7.0,12.0,7.0,12.0,7.0,,,5.0,ten,,Fav,Home,win,,1,0,0,0,0,0,385,388,3.0,,
2026-2027,3,8,9/27/2026,Sun,1:00 PM,cin,3.5,PIT,PIT,cin,JLew,Cignetti is ready,PIT,SF,PIT,cin,,27.0,30.0,30.0,27.0,30.0,27.0,30.0,27.0,,,3.0,cin,,Und,Home,win,,1,0,0,0,0,0,385,388,3.0,,
2026-2027,3,9,9/27/2026,Sun,1:00 PM,sea,7.0,WAS,WAS,sea,JLew,Cignetti is ready,WAS,SF,WAS,sea,,31.0,33.0,33.0,31.0,33.0,31.0,33.0,31.0,,,2.0,sea,,Und,Home,win,,1,0,0,0,0,0,385,388,3.0,,
2026-2027,3,10,9/27/2026,Sun,1:00 PM,JAX,3.0,ne,JAX,ne,JLew,Cignetti is ready,ne,SF,JAX,ne,,35.0,6.0,35.0,6.0,35.0,6.0,6.0,35.0,,,29.0,JAX,,Und,Away,loss,,0,1,0,0,0,0,385,388,3.0,,
2026-2027,3,11,9/27/2026,Sun,4:05 PM,SF,8.5,ari,SF,ari,JLew,Cignetti is ready,SF,SF,ari,SF,,36.0,30.0,36.0,30.0,30.0,36.0,36.0,30.0,36.0,30.0,6.0,ari,ari,Fav,Home,loss,loss,0,1,0,0,1,0,385,388,3.0,,
2026-2027,3,12,9/27/2026,Sun,4:05 PM,min,1.5,TB,TB,min,JLew,Cignetti is ready,min,SF,min,TB,,23.0,16.0,16.0,23.0,23.0,16.0,23.0,16.0,,,7.0,TB,,Fav,Away,win,,1,0,0,0,0,0,385,388,3.0,,
2026-2027,3,13,9/27/2026,Sun,4:25 PM,bal,3.5,DAL,DAL,bal,JLew,Cignetti is ready,DAL,SF,DAL,bal,,34.0,31.0,31.0,34.0,31.0,34.0,31.0,34.0,,,3.0,bal,,Und,Home,win,,1,0,0,0,0,0,385,388,3.0,,
2026-2027,3,14,9/27/2026,Sun,4:25 PM,NO,3.0,lv,NO,lv,JLew,Cignetti is ready,lv,SF,lv,NO,,27.0,35.0,27.0,35.0,35.0,27.0,35.0,27.0,,,8.0,NO,,Und,Away,win,,1,0,0,0,0,0,385,388,3.0,,
2026-2027,3,15,9/27/2026,Sun,8:20 PM,lar,2.5,DEN,DEN,lar,JLew,Cignetti is ready,lar,SF,DEN,lar,,26.0,30.0,30.0,26.0,30.0,26.0,26.0,30.0,,,4.0,DEN,,Fav,Away,loss,,0,1,0,0,0,0,385,388,3.0,,
2026-2027,3,16,9/28/2026,Mon,8:15 PM,phi,4.5,CHI,CHI,phi,JLew,Cignetti is ready,CHI,SF,CHI,phi,,7.0,27.0,27.0,7.0,27.0,7.0,27.0,7.0,,,20.0,phi,,Und,Home,win,,1,0,0,0,0,0,385,388,3.0,,
2026-2027,3,1,9/24/2026,Thu,8:15 PM,GB,6.0,atl,GB,atl,Jon Campbell,Panther's good?,GB,car,atl,GB,,14.0,35.0,14.0,35.0,35.0,14.0,14.0,35.0,,,21.0,atl,,Fav,Home,loss,,0,1,0,0,0,0,419,388,31.0,,
2026-2027,3,2,9/27/2026,Sun,1:00 PM,BUF,7.0,lac,BUF,lac,Jon Campbell,Panther's good?,BUF,car,BUF,lac,,24.0,16.0,24.0,16.0,24.0,16.0,24.0,16.0,,,8.0,lac,,Fav,Home,win,,1,0,0,0,0,0,419,388,31.0,,
2026-2027,3,3,9/27/2026,Sun,1:00 PM,car,2.5,CLE,CLE,car,Jon Campbell,Panther's good?,car,car,CLE,car,,18.0,21.0,21.0,18.0,21.0,18.0,18.0,21.0,18.0,21.0,3.0,CLE,CLE,Fav,Away,loss,loss,0,1,0,0,1,0,419,388,31.0,,
2026-2027,3,4,9/27/2026,Sun,1:00 PM,DET,6.5,nyj,DET,nyj,Jon Campbell,Panther's good?,nyj,car,DET,nyj,,31.0,24.0,31.0,24.0,31.0,24.0,24.0,31.0,,,7.0,DET,,Und,Away,loss,,0,1,0,0,0,0,419,388,31.0,,
2026-2027,3,5,9/27/2026,Sun,1:00 PM,hou,2.5,IND,IND,hou,Jon Campbell,Panther's good?,IND,car,IND,hou,,17.0,19.0,19.0,17.0,19.0,17.0,19.0,17.0,,,2.0,hou,,Und,Home,win,,1,0,0,0,0,0,419,388,31.0,,
2026-2027,3,6,9/27/2026,Sun,1:00 PM,kc,11.5,MIA,MIA,kc,Jon Campbell,Panther's good?,kc,car,kc,MIA,,24.0,10.0,10.0,24.0,24.0,10.0,24.0,10.0,,,14.0,MIA,,Fav,Away,win,,1,0,0,0,0,0,419,388,31.0,,
2026-2027,3,7,9/27/2026,Sun,1:00 PM,NYG,3.0,ten,NYG,ten,Jon Campbell,Panther's good?,ten,car,NYG,ten,,12.0,7.0,12.0,7.0,12.0,7.0,7.0,12.0,,,5.0,NYG,,Und,Away,loss,,0,1,0,0,0,0,419,388,31.0,,
2026-2027,3,8,9/27/2026,Sun,1:00 PM,cin,3.5,PIT,PIT,cin,Jon Campbell,Panther's good?,cin,car,PIT,cin,,27.0,30.0,30.0,27.0,30.0,27.0,27.0,30.0,,,3.0,PIT,,Fav,Away,loss,,0,1,0,0,0,0,419,388,31.0,,
2026-2027,3,9,9/27/2026,Sun,1:00 PM,sea,7.0,WAS,WAS,sea,Jon Campbell,Panther's good?,sea,car,WAS,sea,,31.0,33.0,33.0,31.0,33.0,31.0,31.0,33.0,,,2.0,WAS,,Fav,Away,loss,,0,1,0,0,0,0,419,388,31.0,,
2026-2027,3,10,9/27/2026,Sun,1:00 PM,JAX,3.0,ne,JAX,ne,Jon Campbell,Panther's good?,ne,car,JAX,ne,,35.0,6.0,35.0,6.0,35.0,6.0,6.0,35.0,,,29.0,JAX,,Und,Away,loss,,0,1,0,0,0,0,419,388,31.0,,
2026-2027,3,11,9/27/2026,Sun,4:05 PM,SF,8.5,ari,SF,ari,Jon Campbell,Panther's good?,SF,car,ari,SF,,36.0,30.0,36.0,30.0,30.0,36.0,36.0,30.0,,,6.0,ari,,Fav,Home,loss,,0,1,0,0,0,0,419,388,31.0,,
2026-2027,3,12,9/27/2026,Sun,4:05 PM,min,1.5,TB,TB,min,Jon Campbell,Panther's good?,TB,car,min,TB,,23.0,16.0,16.0,23.0,23.0,16.0,16.0,23.0,,,7.0,min,,Und,Home,loss,,0,1,0,0,0,0,419,388,31.0,,
2026-2027,3,13,9/27/2026,Sun,4:25 PM,bal,3.5,DAL,DAL,bal,Jon Campbell,Panther's good?,bal,car,DAL,bal,,34.0,31.0,31.0,34.0,31.0,34.0,34.0,31.0,,,3.0,DAL,,Fav,Away,loss,,0,1,0,0,0,0,419,388,31.0,,
2026-2027,3,14,9/27/2026,Sun,4:25 PM,NO,3.0,lv,NO,lv,Jon Campbell,Panther's good?,NO,car,lv,NO,,27.0,35.0,27.0,35.0,35.0,27.0,27.0,35.0,,,8.0,lv,,Fav,Home,loss,,0,1,0,0,0,0,419,388,31.0,,
2026-2027,3,15,9/27/2026,Sun,8:20 PM,lar,2.5,DEN,DEN,lar,Jon Campbell,Panther's good?,lar,car,DEN,lar,,26.0,30.0,30.0,26.0,30.0,26.0,26.0,30.0,,,4.0,DEN,,Fav,Away,loss,,0,1,0,0,0,0,419,388,31.0,,
2026-2027,3,16,9/28/2026,Mon,8:15 PM,phi,4.5,CHI,CHI,phi,Jon Campbell,Panther's good?,phi,car,CHI,phi,,7.0,27.0,27.0,7.0,27.0,7.0,7.0,27.0,,,20.0,CHI,,Fav,Away,loss,,0,1,0,0,0,0,419,388,31.0,,
2026-2027,3,1,9/24/2026,Thu,8:15 PM,GB,6.0,atl,GB,atl,Khloufe,Always fashionably late,GB,BUF,atl,GB,,14.0,35.0,14.0,35.0,35.0,14.0,14.0,35.0,,,21.0,atl,,Fav,Home,loss,,0,1,0,0,0,0,426,388,38.0,,
2026-2027,3,2,9/27/2026,Sun,1:00 PM,BUF,7.0,lac,BUF,lac,Khloufe,Always fashionably late,BUF,BUF,BUF,lac,,24.0,16.0,24.0,16.0,24.0,16.0,24.0,16.0,24.0,16.0,8.0,lac,lac,Fav,Home,win,win,1,0,0,1,0,0,426,388,38.0,,
2026-2027,3,3,9/27/2026,Sun,1:00 PM,car,2.5,CLE,CLE,car,Khloufe,Always fashionably late,car,BUF,CLE,car,,18.0,21.0,21.0,18.0,21.0,18.0,18.0,21.0,,,3.0,CLE,,Fav,Away,loss,,0,1,0,0,0,0,426,388,38.0,,
2026-2027,3,4,9/27/2026,Sun,1:00 PM,DET,6.5,nyj,DET,nyj,Khloufe,Always fashionably late,DET,BUF,DET,nyj,,31.0,24.0,31.0,24.0,31.0,24.0,31.0,24.0,,,7.0,nyj,,Fav,Home,win,,1,0,0,0,0,0,426,388,38.0,,
2026-2027,3,5,9/27/2026,Sun,1:00 PM,hou,2.5,IND,IND,hou,Khloufe,Always fashionably late,hou,BUF,IND,hou,,17.0,19.0,19.0,17.0,19.0,17.0,17.0,19.0,,,2.0,IND,,Fav,Away,loss,,0,1,0,0,0,0,426,388,38.0,,
2026-2027,3,6,9/27/2026,Sun,1:00 PM,kc,11.5,MIA,MIA,kc,Khloufe,Always fashionably late,kc,BUF,kc,MIA,,24.0,10.0,10.0,24.0,24.0,10.0,24.0,10.0,,,14.0,MIA,,Fav,Away,win,,1,0,0,0,0,0,426,388,38.0,,
2026-2027,3,7,9/27/2026,Sun,1:00 PM,NYG,3.0,ten,NYG,ten,Khloufe,Always fashionably late,ten,BUF,NYG,ten,,12.0,7.0,12.0,7.0,12.0,7.0,7.0,12.0,,,5.0,NYG,,Und,Away,loss,,0,1,0,0,0,0,426,388,38.0,,
2026-2027,3,8,9/27/2026,Sun,1:00 PM,cin,3.5,PIT,PIT,cin,Khloufe,Always fashionably late,PIT,BUF,PIT,cin,,27.0,30.0,30.0,27.0,30.0,27.0,30.0,27.0,,,3.0,cin,,Und,Home,win,,1,0,0,0,0,0,426,388,38.0,,
2026-2027,3,9,9/27/2026,Sun,1:00 PM,sea,7.0,WAS,WAS,sea,Khloufe,Always fashionably late,sea,BUF,WAS,sea,,31.0,33.0,33.0,31.0,33.0,31.0,31.0,33.0,,,2.0,WAS,,Fav,Away,loss,,0,1,0,0,0,0,426,388,38.0,,
2026-2027,3,10,9/27/2026,Sun,1:00 PM,JAX,3.0,ne,JAX,ne,Khloufe,Always fashionably late,ne,BUF,JAX,ne,,35.0,6.0,35.0,6.0,35.0,6.0,6.0,35.0,,,29.0,JAX,,Und,Away,loss,,0,1,0,0,0,0,426,388,38.0,,
2026-2027,3,11,9/27/2026,Sun,4:05 PM,SF,8.5,ari,SF,ari,Khloufe,Always fashionably late,SF,BUF,ari,SF,,36.0,30.0,36.0,30.0,30.0,36.0,36.0,30.0,,,6.0,ari,,Fav,Home,loss,,0,1,0,0,0,0,426,388,38.0,,
2026-2027,3,12,9/27/2026,Sun,4:05 PM,min,1.5,TB,TB,min,Khloufe,Always fashionably late,TB,BUF,min,TB,,23.0,16.0,16.0,23.0,23.0,16.0,16.0,23.0,,,7.0,min,,Und,Home,loss,,0,1,0,0,0,0,426,388,38.0,,
2026-2027,3,13,9/27/2026,Sun,4:25 PM,bal,3.5,DAL,DAL,bal,Khloufe,Always fashionably late,bal,BUF,DAL,bal,,34.0,31.0,31.0,34.0,31.0,34.0,34.0,31.0,,,3.0,DAL,,Fav,Away,loss,,0,1,0,0,0,0,426,388,38.0,,
2026-2027,3,14,9/27/2026,Sun,4:25 PM,NO,3.0,lv,NO,lv,Khloufe,Always fashionably late,lv,BUF,lv,NO,,27.0,35.0,27.0,35.0,35.0,27.0,35.0,27.0,,,8.0,NO,,Und,Away,win,,1,0,0,0,0,0,426,388,38.0,,
2026-2027,3,15,9/27/2026,Sun,8:20 PM,lar,2.5,DEN,DEN,lar,Khloufe,Always fashionably late,lar,BUF,DEN,lar,,26.0,30.0,30.0,26.0,30.0,26.0,26.0,30.0,,,4.0,DEN,,Fav,Away,loss,,0,1,0,0,0,0,426,388,38.0,,
2026-2027,3,16,9/28/2026,Mon,8:15 PM,phi,4.5,CHI,CHI,phi,Khloufe,Always fashionably late,phi,BUF,CHI,phi,,7.0,27.0,27.0,7.0,27.0,7.0,7.0,27.0,,,20.0,CHI,,Fav,Away,loss,,0,1,0,0,0,0,426,388,38.0,,
2026-2027,3,1,9/24/2026,Thu,8:15 PM,GB,6.0,atl,GB,atl,KP,happy birthday brooke and papa pem!,GB,GB,atl,GB,,14.0,35.0,14.0,35.0,35.0,14.0,14.0,35.0,14.0,35.0,21.0,atl,atl,Fav,Home,loss,loss,0,1,0,0,1,0,443,388,55.0,,
2026-2027,3,2,9/27/2026,Sun,1:00 PM,BUF,7.0,lac,BUF,lac,KP,happy birthday brooke and papa pem!,BUF,GB,BUF,lac,,24.0,16.0,24.0,16.0,24.0,16.0,24.0,16.0,,,8.0,lac,,Fav,Home,win,,1,0,0,0,0,0,443,388,55.0,,
2026-2027,3,3,9/27/2026,Sun,1:00 PM,car,2.5,CLE,CLE,car,KP,happy birthday brooke and papa pem!,car,GB,CLE,car,,18.0,21.0,21.0,18.0,21.0,18.0,18.0,21.0,,,3.0,CLE,,Fav,Away,loss,,0,1,0,0,0,0,443,388,55.0,,
2026-2027,3,4,9/27/2026,Sun,1:00 PM,DET,6.5,nyj,DET,nyj,KP,happy birthday brooke and papa pem!,DET,GB,DET,nyj,,31.0,24.0,31.0,24.0,31.0,24.0,31.0,24.0,,,7.0,nyj,,Fav,Home,win,,1,0,0,0,0,0,443,388,55.0,,
2026-2027,3,5,9/27/2026,Sun,1:00 PM,hou,2.5,IND,IND,hou,KP,happy birthday brooke and papa pem!,hou,GB,IND,hou,,17.0,19.0,19.0,17.0,19.0,17.0,17.0,19.0,,,2.0,IND,,Fav,Away,loss,,0,1,0,0,0,0,443,388,55.0,,
2026-2027,3,6,9/27/2026,Sun,1:00 PM,kc,11.5,MIA,MIA,kc,KP,happy birthday brooke and papa pem!,kc,GB,kc,MIA,,24.0,10.0,10.0,24.0,24.0,10.0,24.0,10.0,,,14.0,MIA,,Fav,Away,win,,1,0,0,0,0,0,443,388,55.0,,
2026-2027,3,7,9/27/2026,Sun,1:00 PM,NYG,3.0,ten,NYG,ten,KP,happy birthday brooke and papa pem!,NYG,GB,NYG,ten,,12.0,7.0,12.0,7.0,12.0,7.0,12.0,7.0,,,5.0,ten,,Fav,Home,win,,1,0,0,0,0,0,443,388,55.0,,
2026-2027,3,8,9/27/2026,Sun,1:00 PM,cin,3.5,PIT,PIT,cin,KP,happy birthday brooke and papa pem!,cin,GB,PIT,cin,,27.0,30.0,30.0,27.0,30.0,27.0,27.0,30.0,,,3.0,PIT,,Fav,Away,loss,,0,1,0,0,0,0,443,388,55.0,,
2026-2027,3,9,9/27/2026,Sun,1:00 PM,sea,7.0,WAS,WAS,sea,KP,happy birthday brooke and papa pem!,sea,GB,WAS,sea,,31.0,33.0,33.0,31.0,33.0,31.0,31.0,33.0,,,2.0,WAS,,Fav,Away,loss,,0,1,0,0,0,0,443,388,55.0,,
2026-2027,3,10,9/27/2026,Sun,1:00 PM,JAX,3.0,ne,JAX,ne,KP,happy birthday brooke and papa pem!,JAX,GB,JAX,ne,,35.0,6.0,35.0,6.0,35.0,6.0,35.0,6.0,,,29.0,ne,,Fav,Home,win,,1,0,0,0,0,0,443,388,55.0,,
2026-2027,3,11,9/27/2026,Sun,4:05 PM,SF,8.5,ari,SF,ari,KP,happy birthday brooke and papa pem!,SF,GB,ari,SF,,36.0,30.0,36.0,30.0,30.0,36.0,36.0,30.0,,,6.0,ari,,Fav,Home,loss,,0,1,0,0,0,0,443,388,55.0,,
2026-2027,3,12,9/27/2026,Sun,4:05 PM,min,1.5,TB,TB,min,KP,happy birthday brooke and papa pem!,min,GB,min,TB,,23.0,16.0,16.0,23.0,23.0,16.0,23.0,16.0,,,7.0,TB,,Fav,Away,win,,1,0,0,0,0,0,443,388,55.0,,
2026-2027,3,13,9/27/2026,Sun,4:25 PM,bal,3.5,DAL,DAL,bal,KP,happy birthday brooke and papa pem!,bal,GB,DAL,bal,,34.0,31.0,31.0,34.0,31.0,34.0,34.0,31.0,,,3.0,DAL,,Fav,Away,loss,,0,1,0,0,0,0,443,388,55.0,,
2026-2027,3,14,9/27/2026,Sun,4:25 PM,NO,3.0,lv,NO,lv,KP,happy birthday brooke and papa pem!,NO,GB,lv,NO,,27.0,35.0,27.0,35.0,35.0,27.0,27.0,35.0,,,8.0,lv,,Fav,Home,loss,,0,1,0,0,0,0,443,388,55.0,,
2026-2027,3,15,9/27/2026,Sun,8:20 PM,lar,2.5,DEN,DEN,lar,KP,happy birthday brooke and papa pem!,lar,GB,DEN,lar,,26.0,30.0,30.0,26.0,30.0,26.0,26.0,30.0,,,4.0,DEN,,Fav,Away,loss,,0,1,0,0,0,0,443,388,55.0,,
2026-2027,3,16,9/28/2026,Mon,8:15 PM,phi,4.5,CHI,CHI,phi,KP,happy birthday brooke and papa pem!,CHI,GB,CHI,phi,,7.0,27.0,27.0,7.0,27.0,7.0,27.0,7.0,,,20.0,phi,,Und,Home,win,,1,0,0,0,0,0,443,388,55.0,,
2026-2027,3,1,9/24/2026,Thu,8:15 PM,GB,6.0,atl,GB,atl,Mac,W,GB,SF,atl,GB,,14.0,35.0,14.0,35.0,35.0,14.0,14.0,35.0,,,21.0,atl,,Fav,Home,loss,,0,1,0,0,0,0,514,388,126.0,,
2026-2027,3,2,9/27/2026,Sun,1:00 PM,BUF,7.0,lac,BUF,lac,Mac,W,lac,SF,BUF,lac,,24.0,16.0,24.0,16.0,24.0,16.0,16.0,24.0,,,8.0,BUF,,Und,Away,loss,,0,1,0,0,0,0,514,388,126.0,,
2026-2027,3,3,9/27/2026,Sun,1:00 PM,car,2.5,CLE,CLE,car,Mac,W,CLE,SF,CLE,car,,18.0,21.0,21.0,18.0,21.0,18.0,21.0,18.0,,,3.0,car,,Und,Home,win,,1,0,0,0,0,0,514,388,126.0,,
2026-2027,3,4,9/27/2026,Sun,1:00 PM,DET,6.5,nyj,DET,nyj,Mac,W,DET,SF,DET,nyj,,31.0,24.0,31.0,24.0,31.0,24.0,31.0,24.0,,,7.0,nyj,,Fav,Home,win,,1,0,0,0,0,0,514,388,126.0,,
2026-2027,3,5,9/27/2026,Sun,1:00 PM,hou,2.5,IND,IND,hou,Mac,W,IND,SF,IND,hou,,17.0,19.0,19.0,17.0,19.0,17.0,19.0,17.0,,,2.0,hou,,Und,Home,win,,1,0,0,0,0,0,514,388,126.0,,
2026-2027,3,6,9/27/2026,Sun,1:00 PM,kc,11.5,MIA,MIA,kc,Mac,W,MIA,SF,kc,MIA,,24.0,10.0,10.0,24.0,24.0,10.0,10.0,24.0,,,14.0,kc,,Und,Home,loss,,0,1,0,0,0,0,514,388,126.0,,
2026-2027,3,7,9/27/2026,Sun,1:00 PM,NYG,3.0,ten,NYG,ten,Mac,W,NYG,SF,NYG,ten,,12.0,7.0,12.0,7.0,12.0,7.0,12.0,7.0,,,5.0,ten,,Fav,Home,win,,1,0,0,0,0,0,514,388,126.0,,
2026-2027,3,8,9/27/2026,Sun,1:00 PM,cin,3.5,PIT,PIT,cin,Mac,W,PIT,SF,PIT,cin,,27.0,30.0,30.0,27.0,30.0,27.0,30.0,27.0,,,3.0,cin,,Und,Home,win,,1,0,0,0,0,0,514,388,126.0,,
2026-2027,3,9,9/27/2026,Sun,1:00 PM,sea,7.0,WAS,WAS,sea,Mac,W,WAS,SF,WAS,sea,,31.0,33.0,33.0,31.0,33.0,31.0,33.0,31.0,,,2.0,sea,,Und,Home,win,,1,0,0,0,0,0,514,388,126.0,,
2026-2027,3,10,9/27/2026,Sun,1:00 PM,JAX,3.0,ne,JAX,ne,Mac,W,JAX,SF,JAX,ne,,35.0,6.0,35.0,6.0,35.0,6.0,35.0,6.0,,,29.0,ne,,Fav,Home,win,,1,0,0,0,0,0,514,388,126.0,,
2026-2027,3,11,9/27/2026,Sun,4:05 PM,SF,8.5,ari,SF,ari,Mac,W,SF,SF,ari,SF,,36.0,30.0,36.0,30.0,30.0,36.0,36.0,30.0,36.0,30.0,6.0,ari,ari,Fav,Home,loss,loss,0,1,0,0,1,0,514,388,126.0,,
2026-2027,3,12,9/27/2026,Sun,4:05 PM,min,1.5,TB,TB,min,Mac,W,min,SF,min,TB,,23.0,16.0,16.0,23.0,23.0,16.0,23.0,16.0,,,7.0,TB,,Fav,Away,win,,1,0,0,0,0,0,514,388,126.0,,
2026-2027,3,13,9/27/2026,Sun,4:25 PM,bal,3.5,DAL,DAL,bal,Mac,W,bal,SF,DAL,bal,,34.0,31.0,31.0,34.0,31.0,34.0,34.0,31.0,,,3.0,DAL,,Fav,Away,loss,,0,1,0,0,0,0,514,388,126.0,,
2026-2027,3,14,9/27/2026,Sun,4:25 PM,NO,3.0,lv,NO,lv,Mac,W,lv,SF,lv,NO,,27.0,35.0,27.0,35.0,35.0,27.0,35.0,27.0,,,8.0,NO,,Und,Away,win,,1,0,0,0,0,0,514,388,126.0,,
2026-2027,3,15,9/27/2026,Sun,8:20 PM,lar,2.5,DEN,DEN,lar,Mac,W,lar,SF,DEN,lar,,26.0,30.0,30.0,26.0,30.0,26.0,26.0,30.0,,,4.0,DEN,,Fav,Away,loss,,0,1,0,0,0,0,514,388,126.0,,
2026-2027,3,16,9/28/2026,Mon,8:15 PM,phi,4.5,CHI,CHI,phi,Mac,W,CHI,SF,CHI,phi,,7.0,27.0,27.0,7.0,27.0,7.0,27.0,7.0,,,20.0,phi,,Und,Home,win,,1,0,0,0,0,0,514,388,126.0,,
2026-2027,3,1,9/24/2026,Thu,8:15 PM,GB,6.0,atl,GB,atl,Mel,Im late!,GB,sea,atl,GB,,14.0,35.0,14.0,35.0,35.0,14.0,14.0,35.0,,,21.0,atl,,Fav,Home,loss,,0,1,0,0,0,0,400,388,12.0,,
2026-2027,3,2,9/27/2026,Sun,1:00 PM,BUF,7.0,lac,BUF,lac,Mel,Im late!,BUF,sea,BUF,lac,,24.0,16.0,24.0,16.0,24.0,16.0,24.0,16.0,,,8.0,lac,,Fav,Home,win,,1,0,0,0,0,0,400,388,12.0,,
2026-2027,3,3,9/27/2026,Sun,1:00 PM,car,2.5,CLE,CLE,car,Mel,Im late!,car,sea,CLE,car,,18.0,21.0,21.0,18.0,21.0,18.0,18.0,21.0,,,3.0,CLE,,Fav,Away,loss,,0,1,0,0,0,0,400,388,12.0,,
2026-2027,3,4,9/27/2026,Sun,1:00 PM,DET,6.5,nyj,DET,nyj,Mel,Im late!,DET,sea,DET,nyj,,31.0,24.0,31.0,24.0,31.0,24.0,31.0,24.0,,,7.0,nyj,,Fav,Home,win,,1,0,0,0,0,0,400,388,12.0,,
2026-2027,3,5,9/27/2026,Sun,1:00 PM,hou,2.5,IND,IND,hou,Mel,Im late!,IND,sea,IND,hou,,17.0,19.0,19.0,17.0,19.0,17.0,19.0,17.0,,,2.0,hou,,Und,Home,win,,1,0,0,0,0,0,400,388,12.0,,
2026-2027,3,6,9/27/2026,Sun,1:00 PM,kc,11.5,MIA,MIA,kc,Mel,Im late!,kc,sea,kc,MIA,,24.0,10.0,10.0,24.0,24.0,10.0,24.0,10.0,,,14.0,MIA,,Fav,Away,win,,1,0,0,0,0,0,400,388,12.0,,
2026-2027,3,7,9/27/2026,Sun,1:00 PM,NYG,3.0,ten,NYG,ten,Mel,Im late!,NYG,sea,NYG,ten,,12.0,7.0,12.0,7.0,12.0,7.0,12.0,7.0,,,5.0,ten,,Fav,Home,win,,1,0,0,0,0,0,400,388,12.0,,
2026-2027,3,8,9/27/2026,Sun,1:00 PM,cin,3.5,PIT,PIT,cin,Mel,Im late!,cin,sea,PIT,cin,,27.0,30.0,30.0,27.0,30.0,27.0,27.0,30.0,,,3.0,PIT,,Fav,Away,loss,,0,1,0,0,0,0,400,388,12.0,,
2026-2027,3,9,9/27/2026,Sun,1:00 PM,sea,7.0,WAS,WAS,sea,Mel,Im late!,sea,sea,WAS,sea,,31.0,33.0,33.0,31.0,33.0,31.0,31.0,33.0,31.0,33.0,2.0,WAS,WAS,Fav,Away,loss,loss,0,1,0,0,1,0,400,388,12.0,,
2026-2027,3,10,9/27/2026,Sun,1:00 PM,JAX,3.0,ne,JAX,ne,Mel,Im late!,JAX,sea,JAX,ne,,35.0,6.0,35.0,6.0,35.0,6.0,35.0,6.0,,,29.0,ne,,Fav,Home,win,,1,0,0,0,0,0,400,388,12.0,,
2026-2027,3,11,9/27/2026,Sun,4:05 PM,SF,8.5,ari,SF,ari,Mel,Im late!,SF,sea,ari,SF,,36.0,30.0,36.0,30.0,30.0,36.0,36.0,30.0,,,6.0,ari,,Fav,Home,loss,,0,1,0,0,0,0,400,388,12.0,,
2026-2027,3,12,9/27/2026,Sun,4:05 PM,min,1.5,TB,TB,min,Mel,Im late!,TB,sea,min,TB,,23.0,16.0,16.0,23.0,23.0,16.0,16.0,23.0,,,7.0,min,,Und,Home,loss,,0,1,0,0,0,0,400,388,12.0,,
2026-2027,3,13,9/27/2026,Sun,4:25 PM,bal,3.5,DAL,DAL,bal,Mel,Im late!,DAL,sea,DAL,bal,,34.0,31.0,31.0,34.0,31.0,34.0,31.0,34.0,,,3.0,bal,,Und,Home,win,,1,0,0,0,0,0,400,388,12.0,,
2026-2027,3,14,9/27/2026,Sun,4:25 PM,NO,3.0,lv,NO,lv,Mel,Im late!,lv,sea,lv,NO,,27.0,35.0,27.0,35.0,35.0,27.0,35.0,27.0,,,8.0,NO,,Und,Away,win,,1,0,0,0,0,0,400,388,12.0,,
2026-2027,3,15,9/27/2026,Sun,8:20 PM,lar,2.5,DEN,DEN,lar,Mel,Im late!,lar,sea,DEN,lar,,26.0,30.0,30.0,26.0,30.0,26.0,26.0,30.0,,,4.0,DEN,,Fav,Away,loss,,0,1,0,0,0,0,400,388,12.0,,
2026-2027,3,16,9/28/2026,Mon,8:15 PM,phi,4.5,CHI,CHI,phi,Mel,Im late!,phi,sea,CHI,phi,,7.0,27.0,27.0,7.0,27.0,7.0,7.0,27.0,,,20.0,CHI,,Fav,Away,loss,,0,1,0,0,0,0,400,388,12.0,,
2026-2027,3,1,9/24/2026,Thu,8:15 PM,GB,6.0,atl,GB,atl,Mike H,“I Quit Drinking. I’ll Stick With Beer.”,GB,BUF,atl,GB,,14.0,35.0,14.0,35.0,35.0,14.0,14.0,35.0,,,21.0,atl,,Fav,Home,loss,,0,1,0,0,0,0,445,388,57.0,,
2026-2027,3,2,9/27/2026,Sun,1:00 PM,BUF,7.0,lac,BUF,lac,Mike H,“I Quit Drinking. I’ll Stick With Beer.”,BUF,BUF,BUF,lac,,24.0,16.0,24.0,16.0,24.0,16.0,24.0,16.0,24.0,16.0,8.0,lac,lac,Fav,Home,win,win,1,0,0,1,0,0,445,388,57.0,,
2026-2027,3,3,9/27/2026,Sun,1:00 PM,car,2.5,CLE,CLE,car,Mike H,“I Quit Drinking. I’ll Stick With Beer.”,car,BUF,CLE,car,,18.0,21.0,21.0,18.0,21.0,18.0,18.0,21.0,,,3.0,CLE,,Fav,Away,loss,,0,1,0,0,0,0,445,388,57.0,,
2026-2027,3,4,9/27/2026,Sun,1:00 PM,DET,6.5,nyj,DET,nyj,Mike H,“I Quit Drinking. I’ll Stick With Beer.”,DET,BUF,DET,nyj,,31.0,24.0,31.0,24.0,31.0,24.0,31.0,24.0,,,7.0,nyj,,Fav,Home,win,,1,0,0,0,0,0,445,388,57.0,,
2026-2027,3,5,9/27/2026,Sun,1:00 PM,hou,2.5,IND,IND,hou,Mike H,“I Quit Drinking. I’ll Stick With Beer.”,IND,BUF,IND,hou,,17.0,19.0,19.0,17.0,19.0,17.0,19.0,17.0,,,2.0,hou,,Und,Home,win,,1,0,0,0,0,0,445,388,57.0,,
2026-2027,3,6,9/27/2026,Sun,1:00 PM,kc,11.5,MIA,MIA,kc,Mike H,“I Quit Drinking. I’ll Stick With Beer.”,kc,BUF,kc,MIA,,24.0,10.0,10.0,24.0,24.0,10.0,24.0,10.0,,,14.0,MIA,,Fav,Away,win,,1,0,0,0,0,0,445,388,57.0,,
2026-2027,3,7,9/27/2026,Sun,1:00 PM,NYG,3.0,ten,NYG,ten,Mike H,“I Quit Drinking. I’ll Stick With Beer.”,ten,BUF,NYG,ten,,12.0,7.0,12.0,7.0,12.0,7.0,7.0,12.0,,,5.0,NYG,,Und,Away,loss,,0,1,0,0,0,0,445,388,57.0,,
2026-2027,3,8,9/27/2026,Sun,1:00 PM,cin,3.5,PIT,PIT,cin,Mike H,“I Quit Drinking. I’ll Stick With Beer.”,cin,BUF,PIT,cin,,27.0,30.0,30.0,27.0,30.0,27.0,27.0,30.0,,,3.0,PIT,,Fav,Away,loss,,0,1,0,0,0,0,445,388,57.0,,
2026-2027,3,9,9/27/2026,Sun,1:00 PM,sea,7.0,WAS,WAS,sea,Mike H,“I Quit Drinking. I’ll Stick With Beer.”,sea,BUF,WAS,sea,,31.0,33.0,33.0,31.0,33.0,31.0,31.0,33.0,,,2.0,WAS,,Fav,Away,loss,,0,1,0,0,0,0,445,388,57.0,,
2026-2027,3,10,9/27/2026,Sun,1:00 PM,JAX,3.0,ne,JAX,ne,Mike H,“I Quit Drinking. I’ll Stick With Beer.”,ne,BUF,JAX,ne,,35.0,6.0,35.0,6.0,35.0,6.0,6.0,35.0,,,29.0,JAX,,Und,Away,loss,,0,1,0,0,0,0,445,388,57.0,,
2026-2027,3,11,9/27/2026,Sun,4:05 PM,SF,8.5,ari,SF,ari,Mike H,“I Quit Drinking. I’ll Stick With Beer.”,SF,BUF,ari,SF,,36.0,30.0,36.0,30.0,30.0,36.0,36.0,30.0,,,6.0,ari,,Fav,Home,loss,,0,1,0,0,0,0,445,388,57.0,,
2026-2027,3,12,9/27/2026,Sun,4:05 PM,min,1.5,TB,TB,min,Mike H,“I Quit Drinking. I’ll Stick With Beer.”,min,BUF,min,TB,,23.0,16.0,16.0,23.0,23.0,16.0,23.0,16.0,,,7.0,TB,,Fav,Away,win,,1,0,0,0,0,0,445,388,57.0,,
2026-2027,3,13,9/27/2026,Sun,4:25 PM,bal,3.5,DAL,DAL,bal,Mike H,“I Quit Drinking. I’ll Stick With Beer.”,DAL,BUF,DAL,bal,,34.0,31.0,31.0,34.0,31.0,34.0,31.0,34.0,,,3.0,bal,,Und,Home,win,,1,0,0,0,0,0,445,388,57.0,,
2026-2027,3,14,9/27/2026,Sun,4:25 PM,NO,3.0,lv,NO,lv,Mike H,“I Quit Drinking. I’ll Stick With Beer.”,NO,BUF,lv,NO,,27.0,35.0,27.0,35.0,35.0,27.0,27.0,35.0,,,8.0,lv,,Fav,Home,loss,,0,1,0,0,0,0,445,388,57.0,,
2026-2027,3,15,9/27/2026,Sun,8:20 PM,lar,2.5,DEN,DEN,lar,Mike H,“I Quit Drinking. I’ll Stick With Beer.”,DEN,BUF,DEN,lar,,26.0,30.0,30.0,26.0,30.0,26.0,30.0,26.0,,,4.0,lar,,Und,Home,win,,1,0,0,0,0,0,445,388,57.0,,
2026-2027,3,16,9/28/2026,Mon,8:15 PM,phi,4.5,CHI,CHI,phi,Mike H,“I Quit Drinking. I’ll Stick With Beer.”,CHI,BUF,CHI,phi,,7.0,27.0,27.0,7.0,27.0,7.0,27.0,7.0,,,20.0,phi,,Und,Home,win,,1,0,0,0,0,0,445,388,57.0,,
2026-2027,3,1,9/24/2026,Thu,8:15 PM,GB,6.0,atl,GB,atl,Nick C,yeah buddy,GB,GB,atl,GB,,14.0,35.0,14.0,35.0,35.0,14.0,14.0,35.0,14.0,35.0,21.0,atl,atl,Fav,Home,loss,loss,0,1,0,0,1,0,471,388,83.0,,
2026-2027,3,2,9/27/2026,Sun,1:00 PM,BUF,7.0,lac,BUF,lac,Nick C,yeah buddy,BUF,GB,BUF,lac,,24.0,16.0,24.0,16.0,24.0,16.0,24.0,16.0,,,8.0,lac,,Fav,Home,win,,1,0,0,0,0,0,471,388,83.0,,
2026-2027,3,3,9/27/2026,Sun,1:00 PM,car,2.5,CLE,CLE,car,Nick C,yeah buddy,car,GB,CLE,car,,18.0,21.0,21.0,18.0,21.0,18.0,18.0,21.0,,,3.0,CLE,,Fav,Away,loss,,0,1,0,0,0,0,471,388,83.0,,
2026-2027,3,4,9/27/2026,Sun,1:00 PM,DET,6.5,nyj,DET,nyj,Nick C,yeah buddy,DET,GB,DET,nyj,,31.0,24.0,31.0,24.0,31.0,24.0,31.0,24.0,,,7.0,nyj,,Fav,Home,win,,1,0,0,0,0,0,471,388,83.0,,
2026-2027,3,5,9/27/2026,Sun,1:00 PM,hou,2.5,IND,IND,hou,Nick C,yeah buddy,hou,GB,IND,hou,,17.0,19.0,19.0,17.0,19.0,17.0,17.0,19.0,,,2.0,IND,,Fav,Away,loss,,0,1,0,0,0,0,471,388,83.0,,
2026-2027,3,6,9/27/2026,Sun,1:00 PM,kc,11.5,MIA,MIA,kc,Nick C,yeah buddy,kc,GB,kc,MIA,,24.0,10.0,10.0,24.0,24.0,10.0,24.0,10.0,,,14.0,MIA,,Fav,Away,win,,1,0,0,0,0,0,471,388,83.0,,
2026-2027,3,7,9/27/2026,Sun,1:00 PM,NYG,3.0,ten,NYG,ten,Nick C,yeah buddy,ten,GB,NYG,ten,,12.0,7.0,12.0,7.0,12.0,7.0,7.0,12.0,,,5.0,NYG,,Und,Away,loss,,0,1,0,0,0,0,471,388,83.0,,
2026-2027,3,8,9/27/2026,Sun,1:00 PM,cin,3.5,PIT,PIT,cin,Nick C,yeah buddy,PIT,GB,PIT,cin,,27.0,30.0,30.0,27.0,30.0,27.0,30.0,27.0,,,3.0,cin,,Und,Home,win,,1,0,0,0,0,0,471,388,83.0,,
2026-2027,3,9,9/27/2026,Sun,1:00 PM,sea,7.0,WAS,WAS,sea,Nick C,yeah buddy,WAS,GB,WAS,sea,,31.0,33.0,33.0,31.0,33.0,31.0,33.0,31.0,,,2.0,sea,,Und,Home,win,,1,0,0,0,0,0,471,388,83.0,,
2026-2027,3,10,9/27/2026,Sun,1:00 PM,JAX,3.0,ne,JAX,ne,Nick C,yeah buddy,ne,GB,JAX,ne,,35.0,6.0,35.0,6.0,35.0,6.0,6.0,35.0,,,29.0,JAX,,Und,Away,loss,,0,1,0,0,0,0,471,388,83.0,,
2026-2027,3,11,9/27/2026,Sun,4:05 PM,SF,8.5,ari,SF,ari,Nick C,yeah buddy,SF,GB,ari,SF,,36.0,30.0,36.0,30.0,30.0,36.0,36.0,30.0,,,6.0,ari,,Fav,Home,loss,,0,1,0,0,0,0,471,388,83.0,,
2026-2027,3,12,9/27/2026,Sun,4:05 PM,min,1.5,TB,TB,min,Nick C,yeah buddy,min,GB,min,TB,,23.0,16.0,16.0,23.0,23.0,16.0,23.0,16.0,,,7.0,TB,,Fav,Away,win,,1,0,0,0,0,0,471,388,83.0,,
2026-2027,3,13,9/27/2026,Sun,4:25 PM,bal,3.5,DAL,DAL,bal,Nick C,yeah buddy,bal,GB,DAL,bal,,34.0,31.0,31.0,34.0,31.0,34.0,34.0,31.0,,,3.0,DAL,,Fav,Away,loss,,0,1,0,0,0,0,471,388,83.0,,
2026-2027,3,14,9/27/2026,Sun,4:25 PM,NO,3.0,lv,NO,lv,Nick C,yeah buddy,lv,GB,lv,NO,,27.0,35.0,27.0,35.0,35.0,27.0,35.0,27.0,,,8.0,NO,,Und,Away,win,,1,0,0,0,0,0,471,388,83.0,,
2026-2027,3,15,9/27/2026,Sun,8:20 PM,lar,2.5,DEN,DEN,lar,Nick C,yeah buddy,lar,GB,DEN,lar,,26.0,30.0,30.0,26.0,30.0,26.0,26.0,30.0,,,4.0,DEN,,Fav,Away,loss,,0,1,0,0,0,0,471,388,83.0,,
2026-2027,3,16,9/28/2026,Mon,8:15 PM,phi,4.5,CHI,CHI,phi,Nick C,yeah buddy,phi,GB,CHI,phi,,7.0,27.0,27.0,7.0,27.0,7.0,7.0,27.0,,,20.0,CHI,,Fav,Away,loss,,0,1,0,0,0,0,471,388,83.0,,
2026-2027,3,1,9/24/2026,Thu,8:15 PM,GB,6.0,atl,GB,atl,Nils,The best defense is more offense,GB,BUF,atl,GB,,14.0,35.0,14.0,35.0,35.0,14.0,14.0,35.0,,,21.0,atl,,Fav,Home,loss,,0,1,0,0,0,0,555,388,167.0,,
2026-2027,3,2,9/27/2026,Sun,1:00 PM,BUF,7.0,lac,BUF,lac,Nils,The best defense is more offense,BUF,BUF,BUF,lac,,24.0,16.0,24.0,16.0,24.0,16.0,24.0,16.0,24.0,16.0,8.0,lac,lac,Fav,Home,win,win,1,0,0,1,0,0,555,388,167.0,,
2026-2027,3,3,9/27/2026,Sun,1:00 PM,car,2.5,CLE,CLE,car,Nils,The best defense is more offense,car,BUF,CLE,car,,18.0,21.0,21.0,18.0,21.0,18.0,18.0,21.0,,,3.0,CLE,,Fav,Away,loss,,0,1,0,0,0,0,555,388,167.0,,
2026-2027,3,4,9/27/2026,Sun,1:00 PM,DET,6.5,nyj,DET,nyj,Nils,The best defense is more offense,nyj,BUF,DET,nyj,,31.0,24.0,31.0,24.0,31.0,24.0,24.0,31.0,,,7.0,DET,,Und,Away,loss,,0,1,0,0,0,0,555,388,167.0,,
2026-2027,3,5,9/27/2026,Sun,1:00 PM,hou,2.5,IND,IND,hou,Nils,The best defense is more offense,IND,BUF,IND,hou,,17.0,19.0,19.0,17.0,19.0,17.0,19.0,17.0,,,2.0,hou,,Und,Home,win,,1,0,0,0,0,0,555,388,167.0,,
2026-2027,3,6,9/27/2026,Sun,1:00 PM,kc,11.5,MIA,MIA,kc,Nils,The best defense is more offense,kc,BUF,kc,MIA,,24.0,10.0,10.0,24.0,24.0,10.0,24.0,10.0,,,14.0,MIA,,Fav,Away,win,,1,0,0,0,0,0,555,388,167.0,,
2026-2027,3,7,9/27/2026,Sun,1:00 PM,NYG,3.0,ten,NYG,ten,Nils,The best defense is more offense,ten,BUF,NYG,ten,,12.0,7.0,12.0,7.0,12.0,7.0,7.0,12.0,,,5.0,NYG,,Und,Away,loss,,0,1,0,0,0,0,555,388,167.0,,
2026-2027,3,8,9/27/2026,Sun,1:00 PM,cin,3.5,PIT,PIT,cin,Nils,The best defense is more offense,cin,BUF,PIT,cin,,27.0,30.0,30.0,27.0,30.0,27.0,27.0,30.0,,,3.0,PIT,,Fav,Away,loss,,0,1,0,0,0,0,555,388,167.0,,
2026-2027,3,9,9/27/2026,Sun,1:00 PM,sea,7.0,WAS,WAS,sea,Nils,The best defense is more offense,sea,BUF,WAS,sea,,31.0,33.0,33.0,31.0,33.0,31.0,31.0,33.0,,,2.0,WAS,,Fav,Away,loss,,0,1,0,0,0,0,555,388,167.0,,
2026-2027,3,10,9/27/2026,Sun,1:00 PM,JAX,3.0,ne,JAX,ne,Nils,The best defense is more offense,JAX,BUF,JAX,ne,,35.0,6.0,35.0,6.0,35.0,6.0,35.0,6.0,,,29.0,ne,,Fav,Home,win,,1,0,0,0,0,0,555,388,167.0,,
2026-2027,3,11,9/27/2026,Sun,4:05 PM,SF,8.5,ari,SF,ari,Nils,The best defense is more offense,SF,BUF,ari,SF,,36.0,30.0,36.0,30.0,30.0,36.0,36.0,30.0,,,6.0,ari,,Fav,Home,loss,,0,1,0,0,0,0,555,388,167.0,,
2026-2027,3,12,9/27/2026,Sun,4:05 PM,min,1.5,TB,TB,min,Nils,The best defense is more offense,TB,BUF,min,TB,,23.0,16.0,16.0,23.0,23.0,16.0,16.0,23.0,,,7.0,min,,Und,Home,loss,,0,1,0,0,0,0,555,388,167.0,,
2026-2027,3,13,9/27/2026,Sun,4:25 PM,bal,3.5,DAL,DAL,bal,Nils,The best defense is more offense,bal,BUF,DAL,bal,,34.0,31.0,31.0,34.0,31.0,34.0,34.0,31.0,,,3.0,DAL,,Fav,Away,loss,,0,1,0,0,0,0,555,388,167.0,,
2026-2027,3,14,9/27/2026,Sun,4:25 PM,NO,3.0,lv,NO,lv,Nils,The best defense is more offense,NO,BUF,lv,NO,,27.0,35.0,27.0,35.0,35.0,27.0,27.0,35.0,,,8.0,lv,,Fav,Home,loss,,0,1,0,0,0,0,555,388,167.0,,
2026-2027,3,15,9/27/2026,Sun,8:20 PM,lar,2.5,DEN,DEN,lar,Nils,The best defense is more offense,lar,BUF,DEN,lar,,26.0,30.0,30.0,26.0,30.0,26.0,26.0,30.0,,,4.0,DEN,,Fav,Away,loss,,0,1,0,0,0,0,555,388,167.0,,
2026-2027,3,16,9/28/2026,Mon,8:15 PM,phi,4.5,CHI,CHI,phi,Nils,The best defense is more offense,phi,BUF,CHI,phi,,7.0,27.0,27.0,7.0,27.0,7.0,7.0,27.0,,,20.0,CHI,,Fav,Away,loss,,0,1,0,0,0,0,555,388,167.0,,
2026-2027,3,1,9/24/2026,Thu,8:15 PM,GB,6.0,atl,GB,atl,OscarsOscars,OscarsOscars,atl,ari,atl,GB,,14.0,35.0,14.0,35.0,35.0,14.0,35.0,14.0,,,21.0,GB,,Und,Away,win,,1,0,0,0,0,0,524,388,136.0,,
2026-2027,3,2,9/27/2026,Sun,1:00 PM,BUF,7.0,lac,BUF,lac,OscarsOscars,OscarsOscars,lac,ari,BUF,lac,,24.0,16.0,24.0,16.0,24.0,16.0,16.0,24.0,,,8.0,BUF,,Und,Away,loss,,0,1,0,0,0,0,524,388,136.0,,
2026-2027,3,3,9/27/2026,Sun,1:00 PM,car,2.5,CLE,CLE,car,OscarsOscars,OscarsOscars,CLE,ari,CLE,car,,18.0,21.0,21.0,18.0,21.0,18.0,21.0,18.0,,,3.0,car,,Und,Home,win,,1,0,0,0,0,0,524,388,136.0,,
2026-2027,3,4,9/27/2026,Sun,1:00 PM,DET,6.5,nyj,DET,nyj,OscarsOscars,OscarsOscars,DET,ari,DET,nyj,,31.0,24.0,31.0,24.0,31.0,24.0,31.0,24.0,,,7.0,nyj,,Fav,Home,win,,1,0,0,0,0,0,524,388,136.0,,
2026-2027,3,5,9/27/2026,Sun,1:00 PM,hou,2.5,IND,IND,hou,OscarsOscars,OscarsOscars,hou,ari,IND,hou,,17.0,19.0,19.0,17.0,19.0,17.0,17.0,19.0,,,2.0,IND,,Fav,Away,loss,,0,1,0,0,0,0,524,388,136.0,,
2026-2027,3,6,9/27/2026,Sun,1:00 PM,kc,11.5,MIA,MIA,kc,OscarsOscars,OscarsOscars,kc,ari,kc,MIA,,24.0,10.0,10.0,24.0,24.0,10.0,24.0,10.0,,,14.0,MIA,,Fav,Away,win,,1,0,0,0,0,0,524,388,136.0,,
2026-2027,3,7,9/27/2026,Sun,1:00 PM,NYG,3.0,ten,NYG,ten,OscarsOscars,OscarsOscars,NYG,ari,NYG,ten,,12.0,7.0,12.0,7.0,12.0,7.0,12.0,7.0,,,5.0,ten,,Fav,Home,win,,1,0,0,0,0,0,524,388,136.0,,
2026-2027,3,8,9/27/2026,Sun,1:00 PM,cin,3.5,PIT,PIT,cin,OscarsOscars,OscarsOscars,cin,ari,PIT,cin,,27.0,30.0,30.0,27.0,30.0,27.0,27.0,30.0,,,3.0,PIT,,Fav,Away,loss,,0,1,0,0,0,0,524,388,136.0,,
2026-2027,3,9,9/27/2026,Sun,1:00 PM,sea,7.0,WAS,WAS,sea,OscarsOscars,OscarsOscars,WAS,ari,WAS,sea,,31.0,33.0,33.0,31.0,33.0,31.0,33.0,31.0,,,2.0,sea,,Und,Home,win,,1,0,0,0,0,0,524,388,136.0,,
2026-2027,3,10,9/27/2026,Sun,1:00 PM,JAX,3.0,ne,JAX,ne,OscarsOscars,OscarsOscars,ne,ari,JAX,ne,,35.0,6.0,35.0,6.0,35.0,6.0,6.0,35.0,,,29.0,JAX,,Und,Away,loss,,0,1,0,0,0,0,524,388,136.0,,
2026-2027,3,11,9/27/2026,Sun,4:05 PM,SF,8.5,ari,SF,ari,OscarsOscars,OscarsOscars,ari,ari,ari,SF,,36.0,30.0,36.0,30.0,30.0,36.0,30.0,36.0,30.0,36.0,6.0,SF,SF,Und,Away,win,win,1,0,0,1,0,0,524,388,136.0,,
2026-2027,3,12,9/27/2026,Sun,4:05 PM,min,1.5,TB,TB,min,OscarsOscars,OscarsOscars,min,ari,min,TB,,23.0,16.0,16.0,23.0,23.0,16.0,23.0,16.0,,,7.0,TB,,Fav,Away,win,,1,0,0,0,0,0,524,388,136.0,,
2026-2027,3,13,9/27/2026,Sun,4:25 PM,bal,3.5,DAL,DAL,bal,OscarsOscars,OscarsOscars,DAL,ari,DAL,bal,,34.0,31.0,31.0,34.0,31.0,34.0,31.0,34.0,,,3.0,bal,,Und,Home,win,,1,0,0,0,0,0,524,388,136.0,,
2026-2027,3,14,9/27/2026,Sun,4:25 PM,NO,3.0,lv,NO,lv,OscarsOscars,OscarsOscars,lv,ari,lv,NO,,27.0,35.0,27.0,35.0,35.0,27.0,35.0,27.0,,,8.0,NO,,Und,Away,win,,1,0,0,0,0,0,524,388,136.0,,
2026-2027,3,15,9/27/2026,Sun,8:20 PM,lar,2.5,DEN,DEN,lar,OscarsOscars,OscarsOscars,lar,ari,DEN,lar,,26.0,30.0,30.0,26.0,30.0,26.0,26.0,30.0,,,4.0,DEN,,Fav,Away,loss,,0,1,0,0,0,0,524,388,136.0,,
2026-2027,3,16,9/28/2026,Mon,8:15 PM,phi,4.5,CHI,CHI,phi,OscarsOscars,OscarsOscars,phi,ari,CHI,phi,,7.0,27.0,27.0,7.0,27.0,7.0,7.0,27.0,,,20.0,CHI,,Fav,Away,loss,,0,1,0,0,0,0,524,388,136.0,,
2026-2027,3,1,9/24/2026,Thu,8:15 PM,GB,6.0,atl,GB,atl,Pond,"Utah, give me two",atl,sea,atl,GB,,14.0,35.0,14.0,35.0,35.0,14.0,35.0,14.0,,,21.0,GB,,Und,Away,win,,1,0,0,0,0,0,415,388,27.0,,
2026-2027,3,2,9/27/2026,Sun,1:00 PM,BUF,7.0,lac,BUF,lac,Pond,"Utah, give me two",lac,sea,BUF,lac,,24.0,16.0,24.0,16.0,24.0,16.0,16.0,24.0,,,8.0,BUF,,Und,Away,loss,,0,1,0,0,0,0,415,388,27.0,,
2026-2027,3,3,9/27/2026,Sun,1:00 PM,car,2.5,CLE,CLE,car,Pond,"Utah, give me two",car,sea,CLE,car,,18.0,21.0,21.0,18.0,21.0,18.0,18.0,21.0,,,3.0,CLE,,Fav,Away,loss,,0,1,0,0,0,0,415,388,27.0,,
2026-2027,3,4,9/27/2026,Sun,1:00 PM,DET,6.5,nyj,DET,nyj,Pond,"Utah, give me two",nyj,sea,DET,nyj,,31.0,24.0,31.0,24.0,31.0,24.0,24.0,31.0,,,7.0,DET,,Und,Away,loss,,0,1,0,0,0,0,415,388,27.0,,
2026-2027,3,5,9/27/2026,Sun,1:00 PM,hou,2.5,IND,IND,hou,Pond,"Utah, give me two",hou,sea,IND,hou,,17.0,19.0,19.0,17.0,19.0,17.0,17.0,19.0,,,2.0,IND,,Fav,Away,loss,,0,1,0,0,0,0,415,388,27.0,,
2026-2027,3,6,9/27/2026,Sun,1:00 PM,kc,11.5,MIA,MIA,kc,Pond,"Utah, give me two",MIA,sea,kc,MIA,,24.0,10.0,10.0,24.0,24.0,10.0,10.0,24.0,,,14.0,kc,,Und,Home,loss,,0,1,0,0,0,0,415,388,27.0,,
2026-2027,3,7,9/27/2026,Sun,1:00 PM,NYG,3.0,ten,NYG,ten,Pond,"Utah, give me two",NYG,sea,NYG,ten,,12.0,7.0,12.0,7.0,12.0,7.0,12.0,7.0,,,5.0,ten,,Fav,Home,win,,1,0,0,0,0,0,415,388,27.0,,
2026-2027,3,8,9/27/2026,Sun,1:00 PM,cin,3.5,PIT,PIT,cin,Pond,"Utah, give me two",cin,sea,PIT,cin,,27.0,30.0,30.0,27.0,30.0,27.0,27.0,30.0,,,3.0,PIT,,Fav,Away,loss,,0,1,0,0,0,0,415,388,27.0,,
2026-2027,3,9,9/27/2026,Sun,1:00 PM,sea,7.0,WAS,WAS,sea,Pond,"Utah, give me two",sea,sea,WAS,sea,,31.0,33.0,33.0,31.0,33.0,31.0,31.0,33.0,31.0,33.0,2.0,WAS,WAS,Fav,Away,loss,loss,0,1,0,0,1,0,415,388,27.0,,
2026-2027,3,10,9/27/2026,Sun,1:00 PM,JAX,3.0,ne,JAX,ne,Pond,"Utah, give me two",JAX,sea,JAX,ne,,35.0,6.0,35.0,6.0,35.0,6.0,35.0,6.0,,,29.0,ne,,Fav,Home,win,,1,0,0,0,0,0,415,388,27.0,,
2026-2027,3,11,9/27/2026,Sun,4:05 PM,SF,8.5,ari,SF,ari,Pond,"Utah, give me two",ari,sea,ari,SF,,36.0,30.0,36.0,30.0,30.0,36.0,30.0,36.0,,,6.0,SF,,Und,Away,win,,1,0,0,0,0,0,415,388,27.0,,
2026-2027,3,12,9/27/2026,Sun,4:05 PM,min,1.5,TB,TB,min,Pond,"Utah, give me two",min,sea,min,TB,,23.0,16.0,16.0,23.0,23.0,16.0,23.0,16.0,,,7.0,TB,,Fav,Away,win,,1,0,0,0,0,0,415,388,27.0,,
2026-2027,3,13,9/27/2026,Sun,4:25 PM,bal,3.5,DAL,DAL,bal,Pond,"Utah, give me two",bal,sea,DAL,bal,,34.0,31.0,31.0,34.0,31.0,34.0,34.0,31.0,,,3.0,DAL,,Fav,Away,loss,,0,1,0,0,0,0,415,388,27.0,,
2026-2027,3,14,9/27/2026,Sun,4:25 PM,NO,3.0,lv,NO,lv,Pond,"Utah, give me two",NO,sea,lv,NO,,27.0,35.0,27.0,35.0,35.0,27.0,27.0,35.0,,,8.0,lv,,Fav,Home,loss,,0,1,0,0,0,0,415,388,27.0,,
2026-2027,3,15,9/27/2026,Sun,8:20 PM,lar,2.5,DEN,DEN,lar,Pond,"Utah, give me two",DEN,sea,DEN,lar,,26.0,30.0,30.0,26.0,30.0,26.0,30.0,26.0,,,4.0,lar,,Und,Home,win,,1,0,0,0,0,0,415,388,27.0,,
2026-2027,3,16,9/28/2026,Mon,8:15 PM,phi,4.5,CHI,CHI,phi,Pond,"Utah, give me two",phi,sea,CHI,phi,,7.0,27.0,27.0,7.0,27.0,7.0,7.0,27.0,,,20.0,CHI,,Fav,Away,loss,,0,1,0,0,0,0,415,388,27.0,,
2026-2027,3,1,9/24/2026,Thu,8:15 PM,GB,6.0,atl,GB,atl,Pops,Is it Thursday already. Who saw the Rise of the Titans,atl,BUF,atl,GB,,14.0,35.0,14.0,35.0,35.0,14.0,35.0,14.0,,,21.0,GB,,Und,Away,win,,1,0,0,0,0,0,550,388,162.0,,
2026-2027,3,2,9/27/2026,Sun,1:00 PM,BUF,7.0,lac,BUF,lac,Pops,Is it Thursday already. Who saw the Rise of the Titans,BUF,BUF,BUF,lac,,24.0,16.0,24.0,16.0,24.0,16.0,24.0,16.0,24.0,16.0,8.0,lac,lac,Fav,Home,win,win,1,0,0,1,0,0,550,388,162.0,,
2026-2027,3,3,9/27/2026,Sun,1:00 PM,car,2.5,CLE,CLE,car,Pops,Is it Thursday already. Who saw the Rise of the Titans,car,BUF,CLE,car,,18.0,21.0,21.0,18.0,21.0,18.0,18.0,21.0,,,3.0,CLE,,Fav,Away,loss,,0,1,0,0,0,0,550,388,162.0,,
2026-2027,3,4,9/27/2026,Sun,1:00 PM,DET,6.5,nyj,DET,nyj,Pops,Is it Thursday already. Who saw the Rise of the Titans,DET,BUF,DET,nyj,,31.0,24.0,31.0,24.0,31.0,24.0,31.0,24.0,,,7.0,nyj,,Fav,Home,win,,1,0,0,0,0,0,550,388,162.0,,
2026-2027,3,5,9/27/2026,Sun,1:00 PM,hou,2.5,IND,IND,hou,Pops,Is it Thursday already. Who saw the Rise of the Titans,hou,BUF,IND,hou,,17.0,19.0,19.0,17.0,19.0,17.0,17.0,19.0,,,2.0,IND,,Fav,Away,loss,,0,1,0,0,0,0,550,388,162.0,,
2026-2027,3,6,9/27/2026,Sun,1:00 PM,kc,11.5,MIA,MIA,kc,Pops,Is it Thursday already. Who saw the Rise of the Titans,kc,BUF,kc,MIA,,24.0,10.0,10.0,24.0,24.0,10.0,24.0,10.0,,,14.0,MIA,,Fav,Away,win,,1,0,0,0,0,0,550,388,162.0,,
2026-2027,3,7,9/27/2026,Sun,1:00 PM,NYG,3.0,ten,NYG,ten,Pops,Is it Thursday already. Who saw the Rise of the Titans,ten,BUF,NYG,ten,,12.0,7.0,12.0,7.0,12.0,7.0,7.0,12.0,,,5.0,NYG,,Und,Away,loss,,0,1,0,0,0,0,550,388,162.0,,
2026-2027,3,8,9/27/2026,Sun,1:00 PM,cin,3.5,PIT,PIT,cin,Pops,Is it Thursday already. Who saw the Rise of the Titans,cin,BUF,PIT,cin,,27.0,30.0,30.0,27.0,30.0,27.0,27.0,30.0,,,3.0,PIT,,Fav,Away,loss,,0,1,0,0,0,0,550,388,162.0,,
2026-2027,3,9,9/27/2026,Sun,1:00 PM,sea,7.0,WAS,WAS,sea,Pops,Is it Thursday already. Who saw the Rise of the Titans,WAS,BUF,WAS,sea,,31.0,33.0,33.0,31.0,33.0,31.0,33.0,31.0,,,2.0,sea,,Und,Home,win,,1,0,0,0,0,0,550,388,162.0,,
2026-2027,3,10,9/27/2026,Sun,1:00 PM,JAX,3.0,ne,JAX,ne,Pops,Is it Thursday already. Who saw the Rise of the Titans,JAX,BUF,JAX,ne,,35.0,6.0,35.0,6.0,35.0,6.0,35.0,6.0,,,29.0,ne,,Fav,Home,win,,1,0,0,0,0,0,550,388,162.0,,
2026-2027,3,11,9/27/2026,Sun,4:05 PM,SF,8.5,ari,SF,ari,Pops,Is it Thursday already. Who saw the Rise of the Titans,SF,BUF,ari,SF,,36.0,30.0,36.0,30.0,30.0,36.0,36.0,30.0,,,6.0,ari,,Fav,Home,loss,,0,1,0,0,0,0,550,388,162.0,,
2026-2027,3,12,9/27/2026,Sun,4:05 PM,min,1.5,TB,TB,min,Pops,Is it Thursday already. Who saw the Rise of the Titans,TB,BUF,min,TB,,23.0,16.0,16.0,23.0,23.0,16.0,16.0,23.0,,,7.0,min,,Und,Home,loss,,0,1,0,0,0,0,550,388,162.0,,
2026-2027,3,13,9/27/2026,Sun,4:25 PM,bal,3.5,DAL,DAL,bal,Pops,Is it Thursday already. Who saw the Rise of the Titans,DAL,BUF,DAL,bal,,34.0,31.0,31.0,34.0,31.0,34.0,31.0,34.0,,,3.0,bal,,Und,Home,win,,1,0,0,0,0,0,550,388,162.0,,
2026-2027,3,14,9/27/2026,Sun,4:25 PM,NO,3.0,lv,NO,lv,Pops,Is it Thursday already. Who saw the Rise of the Titans,NO,BUF,lv,NO,,27.0,35.0,27.0,35.0,35.0,27.0,27.0,35.0,,,8.0,lv,,Fav,Home,loss,,0,1,0,0,0,0,550,388,162.0,,
2026-2027,3,15,9/27/2026,Sun,8:20 PM,lar,2.5,DEN,DEN,lar,Pops,Is it Thursday already. Who saw the Rise of the Titans,DEN,BUF,DEN,lar,,26.0,30.0,30.0,26.0,30.0,26.0,30.0,26.0,,,4.0,lar,,Und,Home,win,,1,0,0,0,0,0,550,388,162.0,,
2026-2027,3,16,9/28/2026,Mon,8:15 PM,phi,4.5,CHI,CHI,phi,Pops,Is it Thursday already. Who saw the Rise of the Titans,phi,BUF,CHI,phi,,7.0,27.0,27.0,7.0,27.0,7.0,7.0,27.0,,,20.0,CHI,,Fav,Away,loss,,0,1,0,0,0,0,550,388,162.0,,
2026-2027,3,1,9/24/2026,Thu,8:15 PM,GB,6.0,atl,GB,atl,RJ,You just read this.  And this.  This too.  And now this. And you’ll probably read it again.  Yup. You did.,GB,cin,atl,GB,,14.0,35.0,14.0,35.0,35.0,14.0,14.0,35.0,,,21.0,atl,,Fav,Home,loss,,0,1,0,0,0,0,409,388,21.0,,
2026-2027,3,2,9/27/2026,Sun,1:00 PM,BUF,7.0,lac,BUF,lac,RJ,You just read this.  And this.  This too.  And now this. And you’ll probably read it again.  Yup. You did.,BUF,cin,BUF,lac,,24.0,16.0,24.0,16.0,24.0,16.0,24.0,16.0,,,8.0,lac,,Fav,Home,win,,1,0,0,0,0,0,409,388,21.0,,
2026-2027,3,3,9/27/2026,Sun,1:00 PM,car,2.5,CLE,CLE,car,RJ,You just read this.  And this.  This too.  And now this. And you’ll probably read it again.  Yup. You did.,car,cin,CLE,car,,18.0,21.0,21.0,18.0,21.0,18.0,18.0,21.0,,,3.0,CLE,,Fav,Away,loss,,0,1,0,0,0,0,409,388,21.0,,
2026-2027,3,4,9/27/2026,Sun,1:00 PM,DET,6.5,nyj,DET,nyj,RJ,You just read this.  And this.  This too.  And now this. And you’ll probably read it again.  Yup. You did.,DET,cin,DET,nyj,,31.0,24.0,31.0,24.0,31.0,24.0,31.0,24.0,,,7.0,nyj,,Fav,Home,win,,1,0,0,0,0,0,409,388,21.0,,
2026-2027,3,5,9/27/2026,Sun,1:00 PM,hou,2.5,IND,IND,hou,RJ,You just read this.  And this.  This too.  And now this. And you’ll probably read it again.  Yup. You did.,IND,cin,IND,hou,,17.0,19.0,19.0,17.0,19.0,17.0,19.0,17.0,,,2.0,hou,,Und,Home,win,,1,0,0,0,0,0,409,388,21.0,,
2026-2027,3,6,9/27/2026,Sun,1:00 PM,kc,11.5,MIA,MIA,kc,RJ,You just read this.  And this.  This too.  And now this. And you’ll probably read it again.  Yup. You did.,MIA,cin,kc,MIA,,24.0,10.0,10.0,24.0,24.0,10.0,10.0,24.0,,,14.0,kc,,Und,Home,loss,,0,1,0,0,0,0,409,388,21.0,,
2026-2027,3,7,9/27/2026,Sun,1:00 PM,NYG,3.0,ten,NYG,ten,RJ,You just read this.  And this.  This too.  And now this. And you’ll probably read it again.  Yup. You did.,NYG,cin,NYG,ten,,12.0,7.0,12.0,7.0,12.0,7.0,12.0,7.0,,,5.0,ten,,Fav,Home,win,,1,0,0,0,0,0,409,388,21.0,,
2026-2027,3,8,9/27/2026,Sun,1:00 PM,cin,3.5,PIT,PIT,cin,RJ,You just read this.  And this.  This too.  And now this. And you’ll probably read it again.  Yup. You did.,cin,cin,PIT,cin,,27.0,30.0,30.0,27.0,30.0,27.0,27.0,30.0,27.0,30.0,3.0,PIT,PIT,Fav,Away,loss,loss,0,1,0,0,1,0,409,388,21.0,,
2026-2027,3,9,9/27/2026,Sun,1:00 PM,sea,7.0,WAS,WAS,sea,RJ,You just read this.  And this.  This too.  And now this. And you’ll probably read it again.  Yup. You did.,sea,cin,WAS,sea,,31.0,33.0,33.0,31.0,33.0,31.0,31.0,33.0,,,2.0,WAS,,Fav,Away,loss,,0,1,0,0,0,0,409,388,21.0,,
2026-2027,3,10,9/27/2026,Sun,1:00 PM,JAX,3.0,ne,JAX,ne,RJ,You just read this.  And this.  This too.  And now this. And you’ll probably read it again.  Yup. You did.,ne,cin,JAX,ne,,35.0,6.0,35.0,6.0,35.0,6.0,6.0,35.0,,,29.0,JAX,,Und,Away,loss,,0,1,0,0,0,0,409,388,21.0,,
2026-2027,3,11,9/27/2026,Sun,4:05 PM,SF,8.5,ari,SF,ari,RJ,You just read this.  And this.  This too.  And now this. And you’ll probably read it again.  Yup. You did.,SF,cin,ari,SF,,36.0,30.0,36.0,30.0,30.0,36.0,36.0,30.0,,,6.0,ari,,Fav,Home,loss,,0,1,0,0,0,0,409,388,21.0,,
2026-2027,3,12,9/27/2026,Sun,4:05 PM,min,1.5,TB,TB,min,RJ,You just read this.  And this.  This too.  And now this. And you’ll probably read it again.  Yup. You did.,TB,cin,min,TB,,23.0,16.0,16.0,23.0,23.0,16.0,16.0,23.0,,,7.0,min,,Und,Home,loss,,0,1,0,0,0,0,409,388,21.0,,
2026-2027,3,13,9/27/2026,Sun,4:25 PM,bal,3.5,DAL,DAL,bal,RJ,You just read this.  And this.  This too.  And now this. And you’ll probably read it again.  Yup. You did.,bal,cin,DAL,bal,,34.0,31.0,31.0,34.0,31.0,34.0,34.0,31.0,,,3.0,DAL,,Fav,Away,loss,,0,1,0,0,0,0,409,388,21.0,,
2026-2027,3,14,9/27/2026,Sun,4:25 PM,NO,3.0,lv,NO,lv,RJ,You just read this.  And this.  This too.  And now this. And you’ll probably read it again.  Yup. You did.,lv,cin,lv,NO,,27.0,35.0,27.0,35.0,35.0,27.0,35.0,27.0,,,8.0,NO,,Und,Away,win,,1,0,0,0,0,0,409,388,21.0,,
2026-2027,3,15,9/27/2026,Sun,8:20 PM,lar,2.5,DEN,DEN,lar,RJ,You just read this.  And this.  This too.  And now this. And you’ll probably read it again.  Yup. You did.,DEN,cin,DEN,lar,,26.0,30.0,30.0,26.0,30.0,26.0,30.0,26.0,,,4.0,lar,,Und,Home,win,,1,0,0,0,0,0,409,388,21.0,,
2026-2027,3,16,9/28/2026,Mon,8:15 PM,phi,4.5,CHI,CHI,phi,RJ,You just read this.  And this.  This too.  And now this. And you’ll probably read it again.  Yup. You did.,CHI,cin,CHI,phi,,7.0,27.0,27.0,7.0,27.0,7.0,27.0,7.0,,,20.0,phi,,Und,Home,win,,1,0,0,0,0,0,409,388,21.0,,
2026-2027,3,1,9/24/2026,Thu,8:15 PM,GB,6.0,atl,GB,atl,Ron,"The clearest family clue is a mother, appearing in 4 names",GB,BUF,atl,GB,,14.0,35.0,14.0,35.0,35.0,14.0,14.0,35.0,,,21.0,atl,,Fav,Home,loss,,0,1,0,0,0,0,420,388,32.0,,
2026-2027,3,2,9/27/2026,Sun,1:00 PM,BUF,7.0,lac,BUF,lac,Ron,"The clearest family clue is a mother, appearing in 4 names",BUF,BUF,BUF,lac,,24.0,16.0,24.0,16.0,24.0,16.0,24.0,16.0,24.0,16.0,8.0,lac,lac,Fav,Home,win,win,1,0,0,1,0,0,420,388,32.0,,
2026-2027,3,3,9/27/2026,Sun,1:00 PM,car,2.5,CLE,CLE,car,Ron,"The clearest family clue is a mother, appearing in 4 names",CLE,BUF,CLE,car,,18.0,21.0,21.0,18.0,21.0,18.0,21.0,18.0,,,3.0,car,,Und,Home,win,,1,0,0,0,0,0,420,388,32.0,,
2026-2027,3,4,9/27/2026,Sun,1:00 PM,DET,6.5,nyj,DET,nyj,Ron,"The clearest family clue is a mother, appearing in 4 names",DET,BUF,DET,nyj,,31.0,24.0,31.0,24.0,31.0,24.0,31.0,24.0,,,7.0,nyj,,Fav,Home,win,,1,0,0,0,0,0,420,388,32.0,,
2026-2027,3,5,9/27/2026,Sun,1:00 PM,hou,2.5,IND,IND,hou,Ron,"The clearest family clue is a mother, appearing in 4 names",IND,BUF,IND,hou,,17.0,19.0,19.0,17.0,19.0,17.0,19.0,17.0,,,2.0,hou,,Und,Home,win,,1,0,0,0,0,0,420,388,32.0,,
2026-2027,3,6,9/27/2026,Sun,1:00 PM,kc,11.5,MIA,MIA,kc,Ron,"The clearest family clue is a mother, appearing in 4 names",MIA,BUF,kc,MIA,,24.0,10.0,10.0,24.0,24.0,10.0,10.0,24.0,,,14.0,kc,,Und,Home,loss,,0,1,0,0,0,0,420,388,32.0,,
2026-2027,3,7,9/27/2026,Sun,1:00 PM,NYG,3.0,ten,NYG,ten,Ron,"The clearest family clue is a mother, appearing in 4 names",ten,BUF,NYG,ten,,12.0,7.0,12.0,7.0,12.0,7.0,7.0,12.0,,,5.0,NYG,,Und,Away,loss,,0,1,0,0,0,0,420,388,32.0,,
2026-2027,3,8,9/27/2026,Sun,1:00 PM,cin,3.5,PIT,PIT,cin,Ron,"The clearest family clue is a mother, appearing in 4 names",cin,BUF,PIT,cin,,27.0,30.0,30.0,27.0,30.0,27.0,27.0,30.0,,,3.0,PIT,,Fav,Away,loss,,0,1,0,0,0,0,420,388,32.0,,
2026-2027,3,9,9/27/2026,Sun,1:00 PM,sea,7.0,WAS,WAS,sea,Ron,"The clearest family clue is a mother, appearing in 4 names",sea,BUF,WAS,sea,,31.0,33.0,33.0,31.0,33.0,31.0,31.0,33.0,,,2.0,WAS,,Fav,Away,loss,,0,1,0,0,0,0,420,388,32.0,,
2026-2027,3,10,9/27/2026,Sun,1:00 PM,JAX,3.0,ne,JAX,ne,Ron,"The clearest family clue is a mother, appearing in 4 names",ne,BUF,JAX,ne,,35.0,6.0,35.0,6.0,35.0,6.0,6.0,35.0,,,29.0,JAX,,Und,Away,loss,,0,1,0,0,0,0,420,388,32.0,,
2026-2027,3,11,9/27/2026,Sun,4:05 PM,SF,8.5,ari,SF,ari,Ron,"The clearest family clue is a mother, appearing in 4 names",ari,BUF,ari,SF,,36.0,30.0,36.0,30.0,30.0,36.0,30.0,36.0,,,6.0,SF,,Und,Away,win,,1,0,0,0,0,0,420,388,32.0,,
2026-2027,3,12,9/27/2026,Sun,4:05 PM,min,1.5,TB,TB,min,Ron,"The clearest family clue is a mother, appearing in 4 names",min,BUF,min,TB,,23.0,16.0,16.0,23.0,23.0,16.0,23.0,16.0,,,7.0,TB,,Fav,Away,win,,1,0,0,0,0,0,420,388,32.0,,
2026-2027,3,13,9/27/2026,Sun,4:25 PM,bal,3.5,DAL,DAL,bal,Ron,"The clearest family clue is a mother, appearing in 4 names",bal,BUF,DAL,bal,,34.0,31.0,31.0,34.0,31.0,34.0,34.0,31.0,,,3.0,DAL,,Fav,Away,loss,,0,1,0,0,0,0,420,388,32.0,,
2026-2027,3,14,9/27/2026,Sun,4:25 PM,NO,3.0,lv,NO,lv,Ron,"The clearest family clue is a mother, appearing in 4 names",lv,BUF,lv,NO,,27.0,35.0,27.0,35.0,35.0,27.0,35.0,27.0,,,8.0,NO,,Und,Away,win,,1,0,0,0,0,0,420,388,32.0,,
2026-2027,3,15,9/27/2026,Sun,8:20 PM,lar,2.5,DEN,DEN,lar,Ron,"The clearest family clue is a mother, appearing in 4 names",DEN,BUF,DEN,lar,,26.0,30.0,30.0,26.0,30.0,26.0,30.0,26.0,,,4.0,lar,,Und,Home,win,,1,0,0,0,0,0,420,388,32.0,,
2026-2027,3,16,9/28/2026,Mon,8:15 PM,phi,4.5,CHI,CHI,phi,Ron,"The clearest family clue is a mother, appearing in 4 names",phi,BUF,CHI,phi,,7.0,27.0,27.0,7.0,27.0,7.0,7.0,27.0,,,20.0,CHI,,Fav,Away,loss,,0,1,0,0,0,0,420,388,32.0,,
2026-2027,3,1,9/24/2026,Thu,8:15 PM,GB,6.0,atl,GB,atl,Sean,World Gorilla Day,GB,NO,atl,GB,,14.0,35.0,14.0,35.0,35.0,14.0,14.0,35.0,,,21.0,atl,,Fav,Home,loss,,0,1,0,0,0,0,405,388,17.0,,
2026-2027,3,2,9/27/2026,Sun,1:00 PM,BUF,7.0,lac,BUF,lac,Sean,World Gorilla Day,BUF,NO,BUF,lac,,24.0,16.0,24.0,16.0,24.0,16.0,24.0,16.0,,,8.0,lac,,Fav,Home,win,,1,0,0,0,0,0,405,388,17.0,,
2026-2027,3,3,9/27/2026,Sun,1:00 PM,car,2.5,CLE,CLE,car,Sean,World Gorilla Day,CLE,NO,CLE,car,,18.0,21.0,21.0,18.0,21.0,18.0,21.0,18.0,,,3.0,car,,Und,Home,win,,1,0,0,0,0,0,405,388,17.0,,
2026-2027,3,4,9/27/2026,Sun,1:00 PM,DET,6.5,nyj,DET,nyj,Sean,World Gorilla Day,DET,NO,DET,nyj,,31.0,24.0,31.0,24.0,31.0,24.0,31.0,24.0,,,7.0,nyj,,Fav,Home,win,,1,0,0,0,0,0,405,388,17.0,,
2026-2027,3,5,9/27/2026,Sun,1:00 PM,hou,2.5,IND,IND,hou,Sean,World Gorilla Day,IND,NO,IND,hou,,17.0,19.0,19.0,17.0,19.0,17.0,19.0,17.0,,,2.0,hou,,Und,Home,win,,1,0,0,0,0,0,405,388,17.0,,
2026-2027,3,6,9/27/2026,Sun,1:00 PM,kc,11.5,MIA,MIA,kc,Sean,World Gorilla Day,kc,NO,kc,MIA,,24.0,10.0,10.0,24.0,24.0,10.0,24.0,10.0,,,14.0,MIA,,Fav,Away,win,,1,0,0,0,0,0,405,388,17.0,,
2026-2027,3,7,9/27/2026,Sun,1:00 PM,NYG,3.0,ten,NYG,ten,Sean,World Gorilla Day,ten,NO,NYG,ten,,12.0,7.0,12.0,7.0,12.0,7.0,7.0,12.0,,,5.0,NYG,,Und,Away,loss,,0,1,0,0,0,0,405,388,17.0,,
2026-2027,3,8,9/27/2026,Sun,1:00 PM,cin,3.5,PIT,PIT,cin,Sean,World Gorilla Day,cin,NO,PIT,cin,,27.0,30.0,30.0,27.0,30.0,27.0,27.0,30.0,,,3.0,PIT,,Fav,Away,loss,,0,1,0,0,0,0,405,388,17.0,,
2026-2027,3,9,9/27/2026,Sun,1:00 PM,sea,7.0,WAS,WAS,sea,Sean,World Gorilla Day,sea,NO,WAS,sea,,31.0,33.0,33.0,31.0,33.0,31.0,31.0,33.0,,,2.0,WAS,,Fav,Away,loss,,0,1,0,0,0,0,405,388,17.0,,
2026-2027,3,10,9/27/2026,Sun,1:00 PM,JAX,3.0,ne,JAX,ne,Sean,World Gorilla Day,JAX,NO,JAX,ne,,35.0,6.0,35.0,6.0,35.0,6.0,35.0,6.0,,,29.0,ne,,Fav,Home,win,,1,0,0,0,0,0,405,388,17.0,,
2026-2027,3,11,9/27/2026,Sun,4:05 PM,SF,8.5,ari,SF,ari,Sean,World Gorilla Day,SF,NO,ari,SF,,36.0,30.0,36.0,30.0,30.0,36.0,36.0,30.0,,,6.0,ari,,Fav,Home,loss,,0,1,0,0,0,0,405,388,17.0,,
2026-2027,3,12,9/27/2026,Sun,4:05 PM,min,1.5,TB,TB,min,Sean,World Gorilla Day,TB,NO,min,TB,,23.0,16.0,16.0,23.0,23.0,16.0,16.0,23.0,,,7.0,min,,Und,Home,loss,,0,1,0,0,0,0,405,388,17.0,,
2026-2027,3,13,9/27/2026,Sun,4:25 PM,bal,3.5,DAL,DAL,bal,Sean,World Gorilla Day,bal,NO,DAL,bal,,34.0,31.0,31.0,34.0,31.0,34.0,34.0,31.0,,,3.0,DAL,,Fav,Away,loss,,0,1,0,0,0,0,405,388,17.0,,
2026-2027,3,14,9/27/2026,Sun,4:25 PM,NO,3.0,lv,NO,lv,Sean,World Gorilla Day,NO,NO,lv,NO,,27.0,35.0,27.0,35.0,35.0,27.0,27.0,35.0,27.0,35.0,8.0,lv,lv,Fav,Home,loss,loss,0,1,0,0,1,0,405,388,17.0,,
2026-2027,3,15,9/27/2026,Sun,8:20 PM,lar,2.5,DEN,DEN,lar,Sean,World Gorilla Day,DEN,NO,DEN,lar,,26.0,30.0,30.0,26.0,30.0,26.0,30.0,26.0,,,4.0,lar,,Und,Home,win,,1,0,0,0,0,0,405,388,17.0,,
2026-2027,3,16,9/28/2026,Mon,8:15 PM,phi,4.5,CHI,CHI,phi,Sean,World Gorilla Day,CHI,NO,CHI,phi,,7.0,27.0,27.0,7.0,27.0,7.0,27.0,7.0,,,20.0,phi,,Und,Home,win,,1,0,0,0,0,0,405,388,17.0,,
2026-2027,3,1,9/24/2026,Thu,8:15 PM,GB,6.0,atl,GB,atl,Thomas,Task,GB,DET,atl,GB,,14.0,35.0,14.0,35.0,35.0,14.0,14.0,35.0,,,21.0,atl,,Fav,Home,loss,,0,1,0,0,0,0,481,388,93.0,,
2026-2027,3,2,9/27/2026,Sun,1:00 PM,BUF,7.0,lac,BUF,lac,Thomas,Task,BUF,DET,BUF,lac,,24.0,16.0,24.0,16.0,24.0,16.0,24.0,16.0,,,8.0,lac,,Fav,Home,win,,1,0,0,0,0,0,481,388,93.0,,
2026-2027,3,3,9/27/2026,Sun,1:00 PM,car,2.5,CLE,CLE,car,Thomas,Task,car,DET,CLE,car,,18.0,21.0,21.0,18.0,21.0,18.0,18.0,21.0,,,3.0,CLE,,Fav,Away,loss,,0,1,0,0,0,0,481,388,93.0,,
2026-2027,3,4,9/27/2026,Sun,1:00 PM,DET,6.5,nyj,DET,nyj,Thomas,Task,DET,DET,DET,nyj,,31.0,24.0,31.0,24.0,31.0,24.0,31.0,24.0,31.0,24.0,7.0,nyj,nyj,Fav,Home,win,win,1,0,0,1,0,0,481,388,93.0,,
2026-2027,3,5,9/27/2026,Sun,1:00 PM,hou,2.5,IND,IND,hou,Thomas,Task,hou,DET,IND,hou,,17.0,19.0,19.0,17.0,19.0,17.0,17.0,19.0,,,2.0,IND,,Fav,Away,loss,,0,1,0,0,0,0,481,388,93.0,,
2026-2027,3,6,9/27/2026,Sun,1:00 PM,kc,11.5,MIA,MIA,kc,Thomas,Task,kc,DET,kc,MIA,,24.0,10.0,10.0,24.0,24.0,10.0,24.0,10.0,,,14.0,MIA,,Fav,Away,win,,1,0,0,0,0,0,481,388,93.0,,
2026-2027,3,7,9/27/2026,Sun,1:00 PM,NYG,3.0,ten,NYG,ten,Thomas,Task,ten,DET,NYG,ten,,12.0,7.0,12.0,7.0,12.0,7.0,7.0,12.0,,,5.0,NYG,,Und,Away,loss,,0,1,0,0,0,0,481,388,93.0,,
2026-2027,3,8,9/27/2026,Sun,1:00 PM,cin,3.5,PIT,PIT,cin,Thomas,Task,PIT,DET,PIT,cin,,27.0,30.0,30.0,27.0,30.0,27.0,30.0,27.0,,,3.0,cin,,Und,Home,win,,1,0,0,0,0,0,481,388,93.0,,
2026-2027,3,9,9/27/2026,Sun,1:00 PM,sea,7.0,WAS,WAS,sea,Thomas,Task,sea,DET,WAS,sea,,31.0,33.0,33.0,31.0,33.0,31.0,31.0,33.0,,,2.0,WAS,,Fav,Away,loss,,0,1,0,0,0,0,481,388,93.0,,
2026-2027,3,10,9/27/2026,Sun,1:00 PM,JAX,3.0,ne,JAX,ne,Thomas,Task,ne,DET,JAX,ne,,35.0,6.0,35.0,6.0,35.0,6.0,6.0,35.0,,,29.0,JAX,,Und,Away,loss,,0,1,0,0,0,0,481,388,93.0,,
2026-2027,3,11,9/27/2026,Sun,4:05 PM,SF,8.5,ari,SF,ari,Thomas,Task,SF,DET,ari,SF,,36.0,30.0,36.0,30.0,30.0,36.0,36.0,30.0,,,6.0,ari,,Fav,Home,loss,,0,1,0,0,0,0,481,388,93.0,,
2026-2027,3,12,9/27/2026,Sun,4:05 PM,min,1.5,TB,TB,min,Thomas,Task,min,DET,min,TB,,23.0,16.0,16.0,23.0,23.0,16.0,23.0,16.0,,,7.0,TB,,Fav,Away,win,,1,0,0,0,0,0,481,388,93.0,,
2026-2027,3,13,9/27/2026,Sun,4:25 PM,bal,3.5,DAL,DAL,bal,Thomas,Task,bal,DET,DAL,bal,,34.0,31.0,31.0,34.0,31.0,34.0,34.0,31.0,,,3.0,DAL,,Fav,Away,loss,,0,1,0,0,0,0,481,388,93.0,,
2026-2027,3,14,9/27/2026,Sun,4:25 PM,NO,3.0,lv,NO,lv,Thomas,Task,NO,DET,lv,NO,,27.0,35.0,27.0,35.0,35.0,27.0,27.0,35.0,,,8.0,lv,,Fav,Home,loss,,0,1,0,0,0,0,481,388,93.0,,
2026-2027,3,15,9/27/2026,Sun,8:20 PM,lar,2.5,DEN,DEN,lar,Thomas,Task,lar,DET,DEN,lar,,26.0,30.0,30.0,26.0,30.0,26.0,26.0,30.0,,,4.0,DEN,,Fav,Away,loss,,0,1,0,0,0,0,481,388,93.0,,
2026-2027,3,16,9/28/2026,Mon,8:15 PM,phi,4.5,CHI,CHI,phi,Thomas,Task,phi,DET,CHI,phi,,7.0,27.0,27.0,7.0,27.0,7.0,7.0,27.0,,,20.0,CHI,,Fav,Away,loss,,0,1,0,0,0,0,481,388,93.0,,
2026-2027,3,1,9/24/2026,Thu,8:15 PM,GB,6.0,atl,GB,atl,Travis,Bigger Firecrackers!,GB,GB,atl,GB,,14.0,35.0,14.0,35.0,35.0,14.0,14.0,35.0,14.0,35.0,21.0,atl,atl,Fav,Home,loss,loss,0,1,0,0,1,0,439,388,51.0,,
2026-2027,3,2,9/27/2026,Sun,1:00 PM,BUF,7.0,lac,BUF,lac,Travis,Bigger Firecrackers!,BUF,GB,BUF,lac,,24.0,16.0,24.0,16.0,24.0,16.0,24.0,16.0,,,8.0,lac,,Fav,Home,win,,1,0,0,0,0,0,439,388,51.0,,
2026-2027,3,3,9/27/2026,Sun,1:00 PM,car,2.5,CLE,CLE,car,Travis,Bigger Firecrackers!,car,GB,CLE,car,,18.0,21.0,21.0,18.0,21.0,18.0,18.0,21.0,,,3.0,CLE,,Fav,Away,loss,,0,1,0,0,0,0,439,388,51.0,,
2026-2027,3,4,9/27/2026,Sun,1:00 PM,DET,6.5,nyj,DET,nyj,Travis,Bigger Firecrackers!,nyj,GB,DET,nyj,,31.0,24.0,31.0,24.0,31.0,24.0,24.0,31.0,,,7.0,DET,,Und,Away,loss,,0,1,0,0,0,0,439,388,51.0,,
2026-2027,3,5,9/27/2026,Sun,1:00 PM,hou,2.5,IND,IND,hou,Travis,Bigger Firecrackers!,IND,GB,IND,hou,,17.0,19.0,19.0,17.0,19.0,17.0,19.0,17.0,,,2.0,hou,,Und,Home,win,,1,0,0,0,0,0,439,388,51.0,,
2026-2027,3,6,9/27/2026,Sun,1:00 PM,kc,11.5,MIA,MIA,kc,Travis,Bigger Firecrackers!,kc,GB,kc,MIA,,24.0,10.0,10.0,24.0,24.0,10.0,24.0,10.0,,,14.0,MIA,,Fav,Away,win,,1,0,0,0,0,0,439,388,51.0,,
2026-2027,3,7,9/27/2026,Sun,1:00 PM,NYG,3.0,ten,NYG,ten,Travis,Bigger Firecrackers!,ten,GB,NYG,ten,,12.0,7.0,12.0,7.0,12.0,7.0,7.0,12.0,,,5.0,NYG,,Und,Away,loss,,0,1,0,0,0,0,439,388,51.0,,
2026-2027,3,8,9/27/2026,Sun,1:00 PM,cin,3.5,PIT,PIT,cin,Travis,Bigger Firecrackers!,cin,GB,PIT,cin,,27.0,30.0,30.0,27.0,30.0,27.0,27.0,30.0,,,3.0,PIT,,Fav,Away,loss,,0,1,0,0,0,0,439,388,51.0,,
2026-2027,3,9,9/27/2026,Sun,1:00 PM,sea,7.0,WAS,WAS,sea,Travis,Bigger Firecrackers!,sea,GB,WAS,sea,,31.0,33.0,33.0,31.0,33.0,31.0,31.0,33.0,,,2.0,WAS,,Fav,Away,loss,,0,1,0,0,0,0,439,388,51.0,,
2026-2027,3,10,9/27/2026,Sun,1:00 PM,JAX,3.0,ne,JAX,ne,Travis,Bigger Firecrackers!,JAX,GB,JAX,ne,,35.0,6.0,35.0,6.0,35.0,6.0,35.0,6.0,,,29.0,ne,,Fav,Home,win,,1,0,0,0,0,0,439,388,51.0,,
2026-2027,3,11,9/27/2026,Sun,4:05 PM,SF,8.5,ari,SF,ari,Travis,Bigger Firecrackers!,SF,GB,ari,SF,,36.0,30.0,36.0,30.0,30.0,36.0,36.0,30.0,,,6.0,ari,,Fav,Home,loss,,0,1,0,0,0,0,439,388,51.0,,
2026-2027,3,12,9/27/2026,Sun,4:05 PM,min,1.5,TB,TB,min,Travis,Bigger Firecrackers!,TB,GB,min,TB,,23.0,16.0,16.0,23.0,23.0,16.0,16.0,23.0,,,7.0,min,,Und,Home,loss,,0,1,0,0,0,0,439,388,51.0,,
2026-2027,3,13,9/27/2026,Sun,4:25 PM,bal,3.5,DAL,DAL,bal,Travis,Bigger Firecrackers!,bal,GB,DAL,bal,,34.0,31.0,31.0,34.0,31.0,34.0,34.0,31.0,,,3.0,DAL,,Fav,Away,loss,,0,1,0,0,0,0,439,388,51.0,,
2026-2027,3,14,9/27/2026,Sun,4:25 PM,NO,3.0,lv,NO,lv,Travis,Bigger Firecrackers!,lv,GB,lv,NO,,27.0,35.0,27.0,35.0,35.0,27.0,35.0,27.0,,,8.0,NO,,Und,Away,win,,1,0,0,0,0,0,439,388,51.0,,
2026-2027,3,15,9/27/2026,Sun,8:20 PM,lar,2.5,DEN,DEN,lar,Travis,Bigger Firecrackers!,DEN,GB,DEN,lar,,26.0,30.0,30.0,26.0,30.0,26.0,30.0,26.0,,,4.0,lar,,Und,Home,win,,1,0,0,0,0,0,439,388,51.0,,
2026-2027,3,16,9/28/2026,Mon,8:15 PM,phi,4.5,CHI,CHI,phi,Travis,Bigger Firecrackers!,phi,GB,CHI,phi,,7.0,27.0,27.0,7.0,27.0,7.0,7.0,27.0,,,20.0,CHI,,Fav,Away,loss,,0,1,0,0,0,0,439,388,51.0,,
2026-2027,3,1,9/24/2026,Thu,8:15 PM,GB,6.0,atl,GB,atl,Watts,The lions in fact did not bite Buffalos knee caps,GB,cin,atl,GB,,14.0,35.0,14.0,35.0,35.0,14.0,14.0,35.0,,,21.0,atl,,Fav,Home,loss,,0,1,0,0,0,0,384,388,4.0,,
2026-2027,3,2,9/27/2026,Sun,1:00 PM,BUF,7.0,lac,BUF,lac,Watts,The lions in fact did not bite Buffalos knee caps,BUF,cin,BUF,lac,,24.0,16.0,24.0,16.0,24.0,16.0,24.0,16.0,,,8.0,lac,,Fav,Home,win,,1,0,0,0,0,0,384,388,4.0,,
2026-2027,3,3,9/27/2026,Sun,1:00 PM,car,2.5,CLE,CLE,car,Watts,The lions in fact did not bite Buffalos knee caps,car,cin,CLE,car,,18.0,21.0,21.0,18.0,21.0,18.0,18.0,21.0,,,3.0,CLE,,Fav,Away,loss,,0,1,0,0,0,0,384,388,4.0,,
2026-2027,3,4,9/27/2026,Sun,1:00 PM,DET,6.5,nyj,DET,nyj,Watts,The lions in fact did not bite Buffalos knee caps,DET,cin,DET,nyj,,31.0,24.0,31.0,24.0,31.0,24.0,31.0,24.0,,,7.0,nyj,,Fav,Home,win,,1,0,0,0,0,0,384,388,4.0,,
2026-2027,3,5,9/27/2026,Sun,1:00 PM,hou,2.5,IND,IND,hou,Watts,The lions in fact did not bite Buffalos knee caps,hou,cin,IND,hou,,17.0,19.0,19.0,17.0,19.0,17.0,17.0,19.0,,,2.0,IND,,Fav,Away,loss,,0,1,0,0,0,0,384,388,4.0,,
2026-2027,3,6,9/27/2026,Sun,1:00 PM,kc,11.5,MIA,MIA,kc,Watts,The lions in fact did not bite Buffalos knee caps,kc,cin,kc,MIA,,24.0,10.0,10.0,24.0,24.0,10.0,24.0,10.0,,,14.0,MIA,,Fav,Away,win,,1,0,0,0,0,0,384,388,4.0,,
2026-2027,3,7,9/27/2026,Sun,1:00 PM,NYG,3.0,ten,NYG,ten,Watts,The lions in fact did not bite Buffalos knee caps,ten,cin,NYG,ten,,12.0,7.0,12.0,7.0,12.0,7.0,7.0,12.0,,,5.0,NYG,,Und,Away,loss,,0,1,0,0,0,0,384,388,4.0,,
2026-2027,3,8,9/27/2026,Sun,1:00 PM,cin,3.5,PIT,PIT,cin,Watts,The lions in fact did not bite Buffalos knee caps,cin,cin,PIT,cin,,27.0,30.0,30.0,27.0,30.0,27.0,27.0,30.0,27.0,30.0,3.0,PIT,PIT,Fav,Away,loss,loss,0,1,0,0,1,0,384,388,4.0,,
2026-2027,3,9,9/27/2026,Sun,1:00 PM,sea,7.0,WAS,WAS,sea,Watts,The lions in fact did not bite Buffalos knee caps,sea,cin,WAS,sea,,31.0,33.0,33.0,31.0,33.0,31.0,31.0,33.0,,,2.0,WAS,,Fav,Away,loss,,0,1,0,0,0,0,384,388,4.0,,
2026-2027,3,10,9/27/2026,Sun,1:00 PM,JAX,3.0,ne,JAX,ne,Watts,The lions in fact did not bite Buffalos knee caps,JAX,cin,JAX,ne,,35.0,6.0,35.0,6.0,35.0,6.0,35.0,6.0,,,29.0,ne,,Fav,Home,win,,1,0,0,0,0,0,384,388,4.0,,
2026-2027,3,11,9/27/2026,Sun,4:05 PM,SF,8.5,ari,SF,ari,Watts,The lions in fact did not bite Buffalos knee caps,SF,cin,ari,SF,,36.0,30.0,36.0,30.0,30.0,36.0,36.0,30.0,,,6.0,ari,,Fav,Home,loss,,0,1,0,0,0,0,384,388,4.0,,
2026-2027,3,12,9/27/2026,Sun,4:05 PM,min,1.5,TB,TB,min,Watts,The lions in fact did not bite Buffalos knee caps,min,cin,min,TB,,23.0,16.0,16.0,23.0,23.0,16.0,23.0,16.0,,,7.0,TB,,Fav,Away,win,,1,0,0,0,0,0,384,388,4.0,,
2026-2027,3,13,9/27/2026,Sun,4:25 PM,bal,3.5,DAL,DAL,bal,Watts,The lions in fact did not bite Buffalos knee caps,bal,cin,DAL,bal,,34.0,31.0,31.0,34.0,31.0,34.0,34.0,31.0,,,3.0,DAL,,Fav,Away,loss,,0,1,0,0,0,0,384,388,4.0,,
2026-2027,3,14,9/27/2026,Sun,4:25 PM,NO,3.0,lv,NO,lv,Watts,The lions in fact did not bite Buffalos knee caps,NO,cin,lv,NO,,27.0,35.0,27.0,35.0,35.0,27.0,27.0,35.0,,,8.0,lv,,Fav,Home,loss,,0,1,0,0,0,0,384,388,4.0,,
2026-2027,3,15,9/27/2026,Sun,8:20 PM,lar,2.5,DEN,DEN,lar,Watts,The lions in fact did not bite Buffalos knee caps,lar,cin,DEN,lar,,26.0,30.0,30.0,26.0,30.0,26.0,26.0,30.0,,,4.0,DEN,,Fav,Away,loss,,0,1,0,0,0,0,384,388,4.0,,
2026-2027,3,16,9/28/2026,Mon,8:15 PM,phi,4.5,CHI,CHI,phi,Watts,The lions in fact did not bite Buffalos knee caps,phi,cin,CHI,phi,,7.0,27.0,27.0,7.0,27.0,7.0,7.0,27.0,,,20.0,CHI,,Fav,Away,loss,,0,1,0,0,0,0,384,388,4.0,,
2026-2027,3,1,9/24/2026,Thu,8:15 PM,GB,6.0,atl,GB,atl,Will,Week 3 Name,atl,BUF,atl,GB,,14.0,35.0,14.0,35.0,35.0,14.0,35.0,14.0,,,21.0,GB,,Und,Away,win,,1,0,0,0,0,0,404,388,16.0,,
2026-2027,3,2,9/27/2026,Sun,1:00 PM,BUF,7.0,lac,BUF,lac,Will,Week 3 Name,BUF,BUF,BUF,lac,,24.0,16.0,24.0,16.0,24.0,16.0,24.0,16.0,24.0,16.0,8.0,lac,lac,Fav,Home,win,win,1,0,0,1,0,0,404,388,16.0,,
2026-2027,3,3,9/27/2026,Sun,1:00 PM,car,2.5,CLE,CLE,car,Will,Week 3 Name,car,BUF,CLE,car,,18.0,21.0,21.0,18.0,21.0,18.0,18.0,21.0,,,3.0,CLE,,Fav,Away,loss,,0,1,0,0,0,0,404,388,16.0,,
2026-2027,3,4,9/27/2026,Sun,1:00 PM,DET,6.5,nyj,DET,nyj,Will,Week 3 Name,nyj,BUF,DET,nyj,,31.0,24.0,31.0,24.0,31.0,24.0,24.0,31.0,,,7.0,DET,,Und,Away,loss,,0,1,0,0,0,0,404,388,16.0,,
2026-2027,3,5,9/27/2026,Sun,1:00 PM,hou,2.5,IND,IND,hou,Will,Week 3 Name,IND,BUF,IND,hou,,17.0,19.0,19.0,17.0,19.0,17.0,19.0,17.0,,,2.0,hou,,Und,Home,win,,1,0,0,0,0,0,404,388,16.0,,
2026-2027,3,6,9/27/2026,Sun,1:00 PM,kc,11.5,MIA,MIA,kc,Will,Week 3 Name,kc,BUF,kc,MIA,,24.0,10.0,10.0,24.0,24.0,10.0,24.0,10.0,,,14.0,MIA,,Fav,Away,win,,1,0,0,0,0,0,404,388,16.0,,
2026-2027,3,7,9/27/2026,Sun,1:00 PM,NYG,3.0,ten,NYG,ten,Will,Week 3 Name,ten,BUF,NYG,ten,,12.0,7.0,12.0,7.0,12.0,7.0,7.0,12.0,,,5.0,NYG,,Und,Away,loss,,0,1,0,0,0,0,404,388,16.0,,
2026-2027,3,8,9/27/2026,Sun,1:00 PM,cin,3.5,PIT,PIT,cin,Will,Week 3 Name,cin,BUF,PIT,cin,,27.0,30.0,30.0,27.0,30.0,27.0,27.0,30.0,,,3.0,PIT,,Fav,Away,loss,,0,1,0,0,0,0,404,388,16.0,,
2026-2027,3,9,9/27/2026,Sun,1:00 PM,sea,7.0,WAS,WAS,sea,Will,Week 3 Name,sea,BUF,WAS,sea,,31.0,33.0,33.0,31.0,33.0,31.0,31.0,33.0,,,2.0,WAS,,Fav,Away,loss,,0,1,0,0,0,0,404,388,16.0,,
2026-2027,3,10,9/27/2026,Sun,1:00 PM,JAX,3.0,ne,JAX,ne,Will,Week 3 Name,ne,BUF,JAX,ne,,35.0,6.0,35.0,6.0,35.0,6.0,6.0,35.0,,,29.0,JAX,,Und,Away,loss,,0,1,0,0,0,0,404,388,16.0,,
2026-2027,3,11,9/27/2026,Sun,4:05 PM,SF,8.5,ari,SF,ari,Will,Week 3 Name,ari,BUF,ari,SF,,36.0,30.0,36.0,30.0,30.0,36.0,30.0,36.0,,,6.0,SF,,Und,Away,win,,1,0,0,0,0,0,404,388,16.0,,
2026-2027,3,12,9/27/2026,Sun,4:05 PM,min,1.5,TB,TB,min,Will,Week 3 Name,min,BUF,min,TB,,23.0,16.0,16.0,23.0,23.0,16.0,23.0,16.0,,,7.0,TB,,Fav,Away,win,,1,0,0,0,0,0,404,388,16.0,,
2026-2027,3,13,9/27/2026,Sun,4:25 PM,bal,3.5,DAL,DAL,bal,Will,Week 3 Name,DAL,BUF,DAL,bal,,34.0,31.0,31.0,34.0,31.0,34.0,31.0,34.0,,,3.0,bal,,Und,Home,win,,1,0,0,0,0,0,404,388,16.0,,
2026-2027,3,14,9/27/2026,Sun,4:25 PM,NO,3.0,lv,NO,lv,Will,Week 3 Name,NO,BUF,lv,NO,,27.0,35.0,27.0,35.0,35.0,27.0,27.0,35.0,,,8.0,lv,,Fav,Home,loss,,0,1,0,0,0,0,404,388,16.0,,
2026-2027,3,15,9/27/2026,Sun,8:20 PM,lar,2.5,DEN,DEN,lar,Will,Week 3 Name,lar,BUF,DEN,lar,,26.0,30.0,30.0,26.0,30.0,26.0,26.0,30.0,,,4.0,DEN,,Fav,Away,loss,,0,1,0,0,0,0,404,388,16.0,,
2026-2027,3,16,9/28/2026,Mon,8:15 PM,phi,4.5,CHI,CHI,phi,Will,Week 3 Name,phi,BUF,CHI,phi,,7.0,27.0,27.0,7.0,27.0,7.0,7.0,27.0,,,20.0,CHI,,Fav,Away,loss,,0,1,0,0,0,0,404,388,16.0,,
